"","X","name","num_bikes_available","num_ebikes_available","latitude","longitude","color"
"1",1,"Henry Bacon Dr & Lincoln Memorial Circle NW",15,1,38.890539,-77.049383,"orange"
"2",2,"10th St & Spring Rd NW",1,1,38.936228,-77.027163,"red"
"3",3,"Georgia Ave & Dahlia St NW",3,3,38.976061,-77.026747,"red"
"4",4,"M St & Pennsylvania Ave NW",19,1,38.905126,-77.056887,"green"
"5",5,"New York Ave & Hecht Ave NE",7,3,38.915604,-76.983683,"orange"
"6",6,"Hilltop Rd & Willowmere Dr ",3,1,38.876903,-77.241518,"red"
"7",7,"10th & G St NW",18,4,38.898243,-77.026235,"green"
"8",8,"14th & D St SE",5,1,38.884058,-76.986385,"red"
"9",9,"Georgia Ave & Fairmont St NW",1,1,38.924785,-77.022327,"red"
"10",10,"4th & East Capitol St NE",5,2,38.889955,-77.000349,"red"
"11",11,"Grandview & Blueridge Ave",10,0,39.043272,-77.053085,"orange"
"12",12,"22nd & H St NW",6,0,38.898925,-77.048852,"orange"
"13",13,"3000 Connecticut Ave NW / National Zoo",1,0,38.930282,-77.055599,"red"
"14",14,"N Pershing Dr & N Quebec St",4,0,38.874248,-77.104784,"red"
"15",15,"18th & Upshur St NE",15,0,38.941733,-76.980378,"orange"
"16",16,"Westbranch Dr & Maitland St",1,0,38.927943,-77.220829,"red"
"17",17,"19th St & Wyoming Ave NW",4,2,38.918777,-77.044415,"red"
"18",18,"Wilson Blvd & N Quincy St",3,0,38.880012,-77.107854,"red"
"19",19,"Prince St & Union St",12,6,38.803124,-77.040363,"orange"
"20",20,"Oklahoma Ave & Benning Rd NE",17,2,38.8975,-76.969509,"green"
"21",21,"Amherst Ave & Elkins St",10,0,39.044887,-77.047788,"orange"
"22",22,"Eden Center",4,0,38.873808,-77.152849,"red"
"23",23,"Madison St & Fairfax St",9,0,38.812351,-77.040691,"orange"
"24",24,"South Lakes Dr and Reston Pkwy",8,0,38.94335,-77.362304,"orange"
"25",25,"15th & K St NW",9,2,38.902,-77.03353,"orange"
"26",26,"Langston Blvd & N Woodstock St",2,2,38.898301,-77.118009,"red"
"27",27,"White Oak Rec Center",3,0,39.046144,-76.975723,"red"
"28",28,"55th & East Capitol St NE",3,0,38.889926,-76.922783,"red"
"29",29,"17th & G St NW",21,2,38.898301,-77.039643,"green"
"30",30,"Tyco Rd & Boyd Pointe Way",12,0,38.930767,-77.241436,"orange"
"31",31,"Veterans Pl & Pershing Dr ",5,3,38.997445,-77.023894,"red"
"32",32,"Sunrise Valley Dr & Roland Clarke Pl",6,0,38.949366,-77.350396,"orange"
"33",33,"Arizona Ave & MacArthur Blvd NW",10,2,38.927294,-77.103662,"orange"
"34",34,"School St & George Mason Blvd",3,0,38.837382,-77.30938,"red"
"35",35,"Temporary Rd & Old Reston Ave",7,0,38.960084,-77.353414,"orange"
"36",36,"South Dakota Ave & Bladensburg Rd NE",9,1,38.9252,-76.964896,"orange"
"37",37,"Potomac Yard Metro South",7,2,38.833437,-77.047846,"orange"
"38",38,"King St & Kenwood Ave",1,0,38.824793,-77.085066,"red"
"39",39,"Madison St & N Henry St",5,0,38.813485,-77.049468,"red"
"40",40,"Park Pl & Rock Creek Church Rd NW",9,2,38.937135,-77.019125,"orange"
"41",41,"19th & Savannah St SE",6,0,38.84623,-76.97703,"orange"
"42",42,"Mount Vernon Ave & Kennedy St",11,0,38.833077,-77.059821,"orange"
"43",43,"King St & Patrick St",13,6,38.805317,-77.049883,"orange"
"44",44,"25th St & Pennsylvania Ave NW",14,0,38.903827,-77.053485,"orange"
"45",45,"Chillum Rd & Riggs Rd / Riggs Plaza",0,0,38.961737,-76.995922,"red"
"46",46,"Fairfax Dr & N Randolph St",4,0,38.882629,-77.109366,"red"
"47",47,"Duke St & Jordan St",10,0,38.812187,-77.10994,"orange"
"48",48,"19th & E Street NW",8,0,38.895734,-77.043368,"orange"
"49",49,"16th & Q St SE / Anacostia HS",6,1,38.870695,-76.982359,"orange"
"50",50,"3rd St & Pennsylvania Ave SE",11,1,38.887378,-77.001955,"orange"
"51",51,"3rd & H St NE",13,2,38.900412,-77.001949,"orange"
"52",52,"15th & F St NE",11,1,38.897195,-76.983575,"orange"
"53",53,"Oglethorpe St & 42nd Ave",5,0,38.959361,-76.946361,"red"
"54",54,"E Fairfax St & S Washington St",7,1,38.880612,-77.171891,"orange"
"55",55,"Langston Blvd & N Adams St",7,1,38.89593,-77.089006,"orange"
"56",56,"New Jersey Ave & K St NW",3,0,38.902571,-77.013667,"red"
"57",57,"John McCormack Rd NE",3,0,38.938889,-76.997226,"red"
"58",58,"Reed & Edison",5,0,38.83728,-77.060899,"red"
"59",59,"1st & Washington Hospital Center NW",0,0,38.928743,-77.012457,"red"
"60",60,"Nannie Helen Burroughs & Minnesota Ave NE",4,0,38.901385,-76.941877,"red"
"61",61,"Merrilee Dr & Lauren Elizabeth Lane",6,0,38.878572,-77.230766,"orange"
"62",62,"D St & Maryland Ave NE",2,2,38.894841,-76.995916,"red"
"63",63,"Joliet St & MLK Ave SW/Bald Eagle Rec Ctr",2,2,38.81909,-77.01033,"red"
"64",64,"New Hampshire Ave & 24th St NW",8,0,38.901755,-77.051084,"orange"
"65",65,"39th St & Tunlaw Rd NW",2,0,38.9257,-77.079119,"red"
"66",66,"N Lynn St & Fairfax Dr",10,0,38.89386,-77.070862,"orange"
"67",67,"Emma Lee St & Morris St",5,2,38.877818,-77.209421,"red"
"68",68,"5th St & Massachusetts Ave NW",13,5,38.90093,-77.018677,"orange"
"69",69,"1301 McCormick Dr / Wayne K. Curry Admin Bldg",4,0,38.908391,-76.843263,"red"
"70",70,"Walker Mill Road/ Walker Mill Regional Park ",5,0,38.875772,-76.868767,"red"
"71",71,"Golf Course Sq and Golf Course Dr",3,0,38.944013,-77.353552,"red"
"72",72,"Wheaton Metro / Georgia Ave & Reedie Dr",1,0,39.038424,-77.05102,"red"
"73",73,"17th St & Massachusetts Ave NW",6,2,38.908568,-77.038542,"orange"
"74",74,"Bethesda Metro / Wisconsin Ave & Old Georgetown Rd",7,2,38.984691,-77.094537,"orange"
"75",75,"Central Library / Quincy St & 10th St N",4,1,38.88397,-77.10783,"red"
"76",76,"37th & Ely Pl SE",1,0,38.883132,-76.950009,"red"
"77",77,"S Randolph St & Campbell Ave",13,3,38.840654,-77.088659,"orange"
"78",78,"Vaden Dr & Royal Victoria Dr/Jim Scott Cmty Ctr",0,0,38.873261,-77.272999,"red"
"79",79,"Fenton St & Gist Ave",7,2,38.989724,-77.023854,"orange"
"80",80,"North Village and Park Garden",9,0,38.983199,-77.341823,"orange"
"81",81,"Columbia Rd & Georgia Ave NW",3,2,38.928121,-77.023795,"red"
"82",82,"61st St & Banks Pl NE",0,0,38.891805,-76.913563,"red"
"83",83,"1st & H St NW",9,1,38.900358,-77.012108,"orange"
"84",84,"Connecticut Ave & McKinley St NW",16,4,38.964544,-77.075135,"green"
"85",85,"Roosevelt Center & Crescent Rd",5,0,39.00031,-76.878005,"red"
"86",86,"Langston Blvd & N Kirkwood Rd",13,1,38.895377,-77.09713,"orange"
"87",87,"WAU / Flower Ave & Division St",4,1,38.986743,-77.000035,"red"
"88",88,"Kingman Island/The Fields at RFK",13,1,38.895955,-76.967845,"orange"
"89",89,"Soapstone Dr Convenience Center",5,0,38.93051,-77.345874,"red"
"90",90,"47th & Elm St",5,0,38.982456,-77.091991,"red"
"91",91,"10th St & L'Enfant Plaza SW",4,1,38.884323,-77.02601,"red"
"92",92,"Virginia Square Metro / Monroe St & 9th St N",11,2,38.882788,-77.103148,"orange"
"93",93,"Smithsonian-National Mall / Jefferson Dr & 12th St SW",23,0,38.888774,-77.028694,"green"
"94",94,"Rhode Island Ave Metro",3,0,38.920682,-76.995876,"red"
"95",95,"16th & R St NW",14,4,38.912652,-77.036278,"orange"
"96",96,"8th & H St NE",10,3,38.899942,-76.994897,"orange"
"97",97,"7th & F St NW / National Portrait Gallery",28,1,38.897283,-77.022191,"green"
"98",98,"Fenton St & New York Ave ",3,0,38.985404,-77.023082,"red"
"99",99,"Garland Ave & Walden Rd",12,2,39.00048,-77.00077,"orange"
"100",100,"Lincoln Memorial",14,6,38.888255,-77.049437,"orange"
"101",101,"Gallaudet / 8th St & Florida Ave NE",8,0,38.90509,-76.9941,"orange"
"102",102,"31st St & S Woodrow St",0,0,38.837846,-77.093478,"red"
"103",103,"Braddock Rd Metro North",6,0,38.814577,-77.052808,"orange"
"104",104,"Marymount University / Yorktown Blvd & 26th St N",1,1,38.904252,-77.127776,"red"
"105",105,"Offutt Ln & Chevy Chase Dr",2,2,38.977093,-77.094589,"red"
"106",106,"1st & Q St SW",5,1,38.870824,-77.011915,"red"
"107",107,"Crescent Rd & Ridge Rd",3,0,39.006191,-76.891247,"red"
"108",108,"12th & L St NW",2,0,38.903819,-77.0284,"red"
"109",109,"Kansas Ave & Tuckerman St NW / Lamond Rec ",8,0,38.967492,-77.007003,"orange"
"110",110,"New Dominion Pkwy & Fountain Dr",6,0,38.960574,-77.356324,"orange"
"111",111,"Livingston Rd & 3rd St SE",5,0,38.82373,-77.00223,"red"
"112",112,"Columbia Pike & S Highland St",0,0,38.862398,-77.089133,"red"
"113",113,"Reservoir Rd & 38th St NW",0,0,38.912614,-77.074323,"red"
"114",114,"Route 29 & Bisvey Dr",4,1,38.876912,-77.195847,"red"
"115",115,"Market St & St Francis St",8,0,38.95866,-77.361516,"orange"
"116",116,"St Asaph & Pendleton St",9,1,38.810741,-77.044633,"orange"
"117",117,"Frederick Ave & Horners Ln",3,0,39.094772,-77.145213,"red"
"118",118,"2nd St & Massachusetts Ave NE",8,1,38.894972,-77.003135,"orange"
"119",119,"Commonwealth and Reed",14,4,38.836838,-77.057274,"orange"
"120",120,"Vantage Hill Rd & Wainwright Dr",1,0,38.9667,-77.348487,"red"
"121",121,"Montello Ave & Holbrook Terr NE",6,2,38.907444,-76.986813,"orange"
"122",122,"8th & D St NW",10,1,38.894851,-77.02324,"orange"
"123",123,"Connecticut Ave & R St NW",12,8,38.912644,-77.04564,"orange"
"124",124,"East Falls Church Metro / Sycamore St & 19th St N",13,0,38.885321,-77.156427,"orange"
"125",125,"Georgia & Missouri Ave NW",3,2,38.961339,-77.027855,"red"
"126",126,"S Washington St & Wilkes St",11,1,38.800703,-77.048043,"orange"
"127",127,"The Mall at Prince Georges",9,1,38.968842,-76.954171,"orange"
"128",128,"Silver Spring Transit Center - Top Level",7,2,38.994035,-77.030371,"orange"
"129",129,"Blenheim Blvd & North St",9,0,38.846972,-77.303349,"orange"
"130",130,"North Shore & Cameron Crescent Dr/Crescent Apartments",1,0,38.970046,-77.338686,"red"
"131",131,"North Capitol St & G Pl NE",17,0,38.899703,-77.008911,"green"
"132",132,"Monroe St & Monroe Pl",5,0,39.083673,-77.149162,"red"
"133",133,"Reston Town Center Metro North",3,1,38.953691,-77.359717,"red"
"134",134,"Waterfront Park",16,0,38.874821,-77.020788,"green"
"135",135,"S Arlington Mill Dr & Campbell Ave",14,0,38.84232,-77.089555,"orange"
"136",136,"Mount Vernon Ave & Four Mile Run Park",14,1,38.843422,-77.064016,"orange"
"137",137,"Broad Branch Rd & Northampton St NW",16,1,38.965775,-77.068626,"green"
"138",138,"New Hampshire & Kirklynn Ave",7,1,38.988101,-76.988422,"orange"
"139",139,"Commerce St & Fayette St",5,1,38.805648,-77.05293,"red"
"140",140,"19th St N & Ft Myer Dr",12,0,38.897218,-77.072143,"orange"
"141",141,"Lincoln Park / 13th & East Capitol St NE ",13,3,38.890461,-76.988355,"orange"
"142",142,"Van Dorn Metro",2,1,38.800077,-77.129943,"red"
"143",143,"Pentagon City Metro / 12th St & S Hayes St",3,0,38.862303,-77.059936,"red"
"144",144,"14th & Upshur St NW",1,1,38.942475,-77.032678,"red"
"145",145,"Lincoln Rd & Seaton Pl NE/Harry Thomas Rec Center",3,2,38.915,-77.0078,"red"
"146",146,"12th & U St NW",11,1,38.916787,-77.028139,"orange"
"147",147,"4th & Florida Ave NE",7,1,38.907316,-77.000698,"orange"
"148",148,"Yuma St & Tenley Circle NW",0,0,38.946182,-77.08059,"red"
"149",149,"Clarendon Blvd & Pierce St",2,0,38.893438,-77.076389,"red"
"150",150,"2nd & G St NE",19,1,38.89967,-77.003666,"green"
"151",151,"Dorr Ave & Prosperity Ave",4,0,38.879256,-77.233583,"red"
"152",152,"Columbia Rd & Belmont St NW",4,4,38.920669,-77.04368,"red"
"153",153,"McLean Metro",10,1,38.924002,-77.208127,"orange"
"154",154,"Anacostia Ave & Benning Rd NE / River Terrace ",5,0,38.896544,-76.96012,"red"
"155",155,"3rd & G St SE",8,2,38.881185,-77.001828,"orange"
"156",156,"Route 29 & Circle Woods Dr",4,0,38.869114,-77.271538,"red"
"157",157,"Columbia Pike & S Orme St",4,2,38.867262,-77.072315,"red"
"158",158,"7th & R St NW / Shaw Library",1,0,38.912719,-77.022155,"red"
"159",159,"Mt Vernon Trail & S. Washington St.",10,3,38.793065,-77.049436,"orange"
"160",160,"14th & Otis Pl NW",10,6,38.934405,-77.032687,"orange"
"161",161,"7th & Monroe St NE",3,2,38.932243,-76.996133,"red"
"162",162,"N Shore Dr & Bandit Loop",10,0,38.95937,-77.331794,"orange"
"163",163,"Army Navy Dr & Fern St",10,2,38.864838,-77.056873,"orange"
"164",164,"1st & D St SE",0,0,38.884916,-77.005965,"red"
"165",165,"Shady Grove Metro West",1,0,39.119765,-77.166093,"red"
"166",166,"Reston Town Center Metro South",1,0,38.9523,-77.361466,"red"
"167",167,"Becontree Ln & Goldenrain Ct",4,0,38.966848,-77.329282,"red"
"168",168,"W&OD Trail/Sunset Hills Rd & Isaac Newton Sq",10,0,38.951419,-77.340281,"orange"
"169",169,"Washington & Independence Ave SW/HHS",20,0,38.886978,-77.013769,"green"
"170",170,"5th & Kennedy St NW",2,2,38.956556,-77.019814,"red"
"171",171,"Calvert & Biltmore St NW",2,2,38.923203,-77.047637,"red"
"172",172,"S Maple Ave & S Washington St",7,2,38.87972,-77.178408,"orange"
"173",173,"Franconia-Springfield Metro North",2,0,38.766946,-77.168902,"red"
"174",174,"N Shore Dr & Wainwright Dr",6,0,38.963782,-77.349764,"orange"
"175",175,"15th & Euclid St NW",10,10,38.92333,-77.0352,"orange"
"176",176,"Wilson Blvd & N Oak St",7,0,38.895068,-77.07386,"orange"
"177",177,"N Howard St & Taney Ave",2,1,38.815842,-77.110014,"red"
"178",178,"Constitution Ave & 2nd St NW/DOL",12,0,38.892275,-77.013917,"orange"
"179",179,"53rd & D St SE/C.W. Harris Elementary",4,1,38.883318,-76.925315,"red"
"180",180,"16th St & North Carolina Ave NE",3,1,38.893062,-76.982464,"red"
"181",181,"N Hampton Dr & Ford Ave",5,1,38.837306,-77.106111,"red"
"182",182,"17th St & Independence Ave SW",8,1,38.888097,-77.038325,"orange"
"183",183,"Columbus Circle / Union Station",45,0,38.89696,-77.00493,"green"
"184",184,"Spring Hill Metro",4,0,38.929261,-77.240654,"red"
"185",185,"Prince George's Plaza Metro",1,1,38.965742,-76.954803,"red"
"186",186,"White Oak Transit Center",2,1,39.04104,-76.987125,"red"
"187",187,"6th & K St NE",6,1,38.902932,-76.998405,"orange"
"188",188,"Madron Ln & Bermudez Ct",9,2,38.904415,-77.221807,"orange"
"189",189,"Minnesota Ave Metro/DOES",7,0,38.897063,-76.947446,"orange"
"190",190,"Whitehaven Pkwy & Foxhall Rd NW / GWU Mt. Vernon",6,3,38.916501,-77.090911,"orange"
"191",191,"S Wakefield St & 28th St S",13,0,38.84404,-77.098093,"orange"
"192",192,"Independence Ave & L'Enfant Plaza SW/DOE",16,5,38.887332,-77.026141,"green"
"193",193,"18th St & Ingleside Ter NW",1,0,38.934784,-77.041362,"red"
"194",194,"Falls Church City Hall / Park Ave & Little Falls St",2,0,38.885434,-77.173605,"red"
"195",195,"King St & N Pitt St",10,6,38.804801,-77.044676,"orange"
"196",196,"10th & Monroe St NE",8,0,38.932457,-76.993534,"orange"
"197",197,"New Hampshire Ave & Ward Pl NW",12,0,38.905711,-77.047318,"orange"
"198",198,"Columbia Pike & S Walter Reed Dr",0,0,38.862478,-77.086599,"red"
"199",199,"N Veitch St & Key Blvd",2,1,38.893237,-77.086063,"red"
"200",200,"S Clark St & 33rd St",11,2,38.845028,-77.051956,"orange"
"201",201,"Prosperity Ave & Avenir Pl",1,0,38.881436,-77.230377,"red"
"202",202,"Norfolk & Rugby Ave",0,0,38.990639,-77.100239,"red"
"203",203,"MBT & Bryant St NE",3,2,38.922404,-76.996023,"red"
"204",204,"13th & E St SE",9,0,38.882915,-76.987907,"orange"
"205",205,"Fair Woods Pkwy & Fairfax Blvd",9,0,38.862804,-77.293922,"orange"
"206",206,"Columbia Pike & S Courthouse Rd",2,0,38.863833,-77.080319,"red"
"207",207,"6th St & Indiana Ave NW",9,0,38.894573,-77.01994,"orange"
"208",208,"N Pershing Dr & N George Mason Dr",0,0,38.871822,-77.107906,"red"
"209",209,"18th & M St NW",24,5,38.905067,-77.041779,"green"
"210",210,"Fillmore & Bisdorf",0,0,38.83863,-77.116206,"red"
"211",211,"Greenbelt Station Parkway",4,0,39.002459,-76.916243,"red"
"212",212,"14th & Belmont St NW",2,2,38.921074,-77.031887,"red"
"213",213,"Montgomery Ave & Waverly St ",3,1,38.983838,-77.09221,"red"
"214",214,"New Hampshire Ave & East-West Hwy",5,1,38.974205,-76.995227,"red"
"215",215,"Benning Branch Library",3,1,38.894,-76.947974,"red"
"216",216,"Bethesda Ave & Arlington Rd",1,1,38.981103,-77.097426,"red"
"217",217,"14th & Quincy St NW",1,1,38.938024,-77.032688,"red"
"218",218,"Potomac Ave & 35th St S",4,1,38.844015,-77.050537,"red"
"219",219,"Western Ave & Pinehurst Cir NW ",3,1,38.975739,-77.066409,"red"
"220",220,"16th & Harvard St NW",1,0,38.926102,-77.03665,"red"
"221",221,"American University East Campus",1,1,38.936298,-77.087128,"red"
"222",222,"23rd St S & Hayes St",7,2,38.853002,-77.059496,"orange"
"223",223,"Kenilworth Terr & Hayes St. NE",9,1,38.900468,-76.947287,"orange"
"224",224,"Eastern Market / 7th & North Carolina Ave SE",11,2,38.886952,-76.996806,"orange"
"225",225,"Connecticut Ave & Ordway St NW / Cleveland Park Metro ",1,1,38.935842,-77.058468,"red"
"226",226,"New Jersey Ave & H St SE",6,4,38.880761,-77.005741,"orange"
"227",227,"2nd St & Seaton Pl NE",2,1,38.914751,-77.00356,"red"
"228",228,"Fairfax Dr & N Taylor St",4,0,38.882425,-77.112754,"red"
"229",229,"Kenmore Ave & Seminary Rd",8,0,38.828887,-77.110588,"orange"
"230",230,"17th & Upshur St NW",1,1,38.942146,-77.038684,"red"
"231",231,"7th & K St NW",6,1,38.902674,-77.021392,"orange"
"232",232,"9th & Upshur St NW",2,1,38.9418,-77.0251,"red"
"233",233,"Arlington Blvd & Fairfax Dr",2,1,38.886256,-77.084262,"red"
"234",234,"Wilson Blvd & N Edgewood St",6,1,38.889396,-77.091862,"orange"
"235",235,"1st & N St SE",28,0,38.875023,-77.005754,"green"
"236",236,"5th & F St NW",22,2,38.897222,-77.019347,"green"
"237",237,"Northwestern High School",12,3,38.975505,-76.952199,"orange"
"238",238,"1st St & Potomac Ave SE",8,0,38.871841,-77.00591,"orange"
"239",239,"Michigan Ave & Allison St NE",14,1,38.945068,-76.978783,"orange"
"240",240,"Mount Vernon Ave & E Nelson Ave",5,1,38.820064,-77.057619,"red"
"241",241,"48th Pl & MacArthur Blvd NW",16,6,38.916561,-77.095513,"green"
"242",242,"Langston Blvd & N Cleveland St",2,2,38.894941,-77.09169,"red"
"243",243,"13th & U St NW",4,1,38.916936,-77.029631,"red"
"244",244,"Lamont & Mt Pleasant NW",2,1,38.9319,-77.0388,"red"
"245",245,"21st St & Pennsylvania Ave NW",6,5,38.901539,-77.046564,"orange"
"246",246,"24th St & Rhode Island Ave NE",15,2,38.930774,-76.972851,"orange"
"247",247,"13th St & New York Ave NW",23,0,38.900283,-77.029822,"green"
"248",248,"Long Bridge Park / Long Bridge Dr & 6th St S",14,1,38.865553,-77.05003,"orange"
"249",249,"Chain Bridge Rd & Anderson Rd",5,2,38.925572,-77.204762,"red"
"250",250,"L'Enfant Plaza / 7th & C St SW",7,2,38.886266,-77.022241,"orange"
"251",251,"Jefferson Dr & 14th St SW",18,0,38.888553,-77.032427,"green"
"252",252,"Windham Ln & Amherst Ave",10,0,39.032029,-77.04735,"orange"
"253",253,"Kansas Ave & Longfellow St NW",5,0,38.958098,-77.013821,"red"
"254",254,"Wisconsin Ave & Ingomar St NW",0,0,38.958267,-77.084636,"red"
"255",255,"22nd & I St NW / Foggy Bottom",14,2,38.90088,-77.048911,"orange"
"256",256,"Jones Branch & Westbranch Dr",9,2,38.931911,-77.219261,"orange"
"257",257,"Columbia Pike & S Greenbrier St",1,1,38.854019,-77.118106,"red"
"258",258,"3rd & H St NW",10,0,38.899408,-77.015289,"orange"
"259",259,"Radford & Osage St",2,0,38.828471,-77.086061,"red"
"260",260,"18th & L St NW",2,2,38.903741,-77.042452,"red"
"261",261,"Maine Ave & Water St SW",10,0,38.876747,-77.020945,"orange"
"262",262,"Fessenden St & Wisconsin Ave NW",2,0,38.954812,-77.082426,"red"
"263",263,"44th St & New Mexico Ave NW",1,1,38.933899,-77.086263,"red"
"264",264,"40th Ave & Bladensburg Rd",4,0,38.935388,-76.949287,"red"
"265",265,"9th & Ingraham St NW",5,2,38.953663,-77.025613,"red"
"266",266,"United Medical Center",8,0,38.835737,-76.983144,"orange"
"267",267,"Georgia Ave & Kennedy St NW",14,14,38.95674,-77.02791,"orange"
"268",268,"Barcroft Community Center",10,0,38.850337,-77.100989,"orange"
"269",269,"Virginia Ave & 25th St NW",4,3,38.89846,-77.053052,"red"
"270",270,"16th & Bangor St SE",1,1,38.86044,-76.983585,"red"
"271",271,"7th & S St NW",14,2,38.914174,-77.021595,"orange"
"272",272,"Montgomery College / W Campus Dr & Mannakee St",9,0,39.095661,-77.159048,"orange"
"273",273,"Court House Metro / 15th St & N Uhle St",8,0,38.890612,-77.084801,"orange"
"274",274,"Riverdale Park Town Center",13,4,38.962119,-76.935578,"orange"
"275",275,"1st & M St NE",2,0,38.905697,-77.005483,"red"
"276",276,"Traville Gateway Dr & Gudelsky Dr",8,1,39.093783,-77.202501,"orange"
"277",277,"Clarendon Blvd & N Fillmore St",0,0,38.8881,-77.09308,"red"
"278",278,"Reston YMCA",10,0,38.955314,-77.368416,"orange"
"279",279,"Ohio Dr & West Basin Dr SW / MLK & FDR Memorials",22,1,38.88412,-77.04657,"green"
"280",280,"Rockville Metro West",0,0,39.084379,-77.146866,"red"
"281",281,"Clark St & 26th St S",4,0,38.850688,-77.05152,"red"
"282",282,"S Pickett St & Shillings St",9,0,38.804486,-77.132334,"orange"
"283",283,"North Shore Dr & Village Rd",2,0,38.970412,-77.340787,"red"
"284",284,"Library St & Freedom Dr",4,0,38.959633,-77.358741,"red"
"285",285,"17th St & Potomac Ave SE / Congressional Cemetery ",1,0,38.882458,-76.980715,"red"
"286",286,"New Hampshire & Gallatin St NW",2,2,38.951596,-77.012808,"red"
"287",287,"Georgia Ave & Morton St NW",2,2,38.932128,-77.0235,"red"
"288",288,"Arlington National Cemetery",3,0,38.884533,-77.065803,"red"
"289",289,"13th & H St NE",14,2,38.900427,-76.98825,"orange"
"290",290,"Powhatan St & Bashford Ln",14,5,38.818748,-77.047783,"orange"
"291",291,"S Four Mile Run Dr & Walter Reed Dr",11,0,38.84736,-77.095431,"orange"
"292",292,"Calvert St & Woodley Pl NW",3,0,38.923583,-77.050046,"red"
"293",293,"Lake Newport Rd and Autumn Ridge Cir",6,1,38.978503,-77.353454,"orange"
"294",294,"First St & Fayette St",3,2,38.817019,-77.050105,"red"
"295",295,"39th & Veazey St NW",0,0,38.943837,-77.077078,"red"
"296",296,"Oklahoma Ave & D St NE",8,0,38.894474,-76.974828,"orange"
"297",297,"M St & New Jersey Ave SE",13,0,38.876219,-77.004169,"orange"
"298",298,"Pimmit Dr & Idyl Ln",5,2,38.897692,-77.207261,"red"
"299",299,"15th & P St NW",16,13,38.909801,-77.034427,"green"
"300",300,"Queens Chapel & Hamilton St",5,0,38.9546,-76.9595,"red"
"301",301,"34th & Water St NW",19,0,38.903732,-77.067529,"green"
"302",302,"Mandeville Ln & Stovall St",9,0,38.802893,-77.072558,"orange"
"303",303,"37th & O St NW / Georgetown University",13,11,38.907837,-77.07166,"orange"
"304",304,"4th & O St SW",10,1,38.872964,-77.017585,"orange"
"305",305,"Rhode Island Ave & 39th St / Brentwood Arts Exchange",13,0,38.939271,-76.955047,"orange"
"306",306,"Hyattsville Library / Adelphi Rd & Toledo Rd",6,0,38.9698,-76.9493,"orange"
"307",307,"Connecticut Ave & Chevy Chase Lake Dr",12,3,38.994113,-77.076986,"orange"
"308",308,"12th St & New York Ave NW",8,0,38.901104,-77.028061,"orange"
"309",309,"Largo Town Center Metro",5,3,38.899811,-76.844604,"red"
"310",310,"South Capitol St and Southern Ave SE",4,0,38.821563,-77.001095,"red"
"311",311,"Jefferson Memorial",10,1,38.879819,-77.037413,"orange"
"312",312,"Columbus Ave & Gramercy Blvd",1,0,39.12333,-77.16486,"red"
"313",313,"W&OD Trail/Sunset Hills Rd & Old Reston Ave",7,0,38.955079,-77.351649,"orange"
"314",314,"Briggs Chaney & Castle Dr",0,0,39.081638,-76.945495,"red"
"315",315,"King Farm Blvd & Piccard Dr",0,0,39.110314,-77.182669,"red"
"316",316,"North Capitol & R St NE",1,0,38.91256,-77.008775,"red"
"317",317,"Seatrend Way & Topsails Ln",8,2,38.775639,-77.160014,"orange"
"318",318,"4th & W St NE",2,0,38.919077,-77.000648,"red"
"319",319,"Deanwood Rec Center",7,0,38.908473,-76.933099,"orange"
"320",320,"USDA / 12th & C St SW",41,1,38.886277,-77.028242,"green"
"321",321,"Trinidad Rec Center",3,0,38.906299,-76.983221,"red"
"322",322,"14th & R St NW",9,7,38.913046,-77.032008,"orange"
"323",323,"18th St & Pennsylvania Ave NW",10,8,38.89968,-77.041539,"orange"
"324",324,"23rd & M St NW",11,1,38.905303,-77.050264,"orange"
"325",325,"Wilson Blvd & N Troy St",2,1,38.892556,-77.082089,"red"
"326",326,"3rd & Tingey St SE",14,0,38.87501,-77.0024,"orange"
"327",327,"District Ave & Strawberry Ln/Mosaic Market Garage",14,0,38.872642,-77.230632,"orange"
"328",328,"Wilson Blvd & N Vermont St",0,0,38.879477,-77.114563,"red"
"329",329,"Arlington Blvd & Fillmore St",6,0,38.873755,-77.089233,"orange"
"330",330,"7th St & Massachusetts Ave NE",3,1,38.89222,-76.99602,"red"
"331",331,"Wheaton Library & Community Rec Center",5,0,39.047323,-77.051097,"red"
"332",332,"Fairfax Dr & Wilson Blvd",0,0,38.885801,-77.097745,"red"
"333",333,"15th St & Constitution Ave NW",16,0,38.892244,-77.033234,"green"
"334",334,"Gravelly Point",11,0,38.865029,-77.039511,"orange"
"335",335,"10th & Quincy St NE / Turkey Thicket Rec",1,0,38.937849,-76.993509,"red"
"336",336,"Pennsylvania Ave & 8th St SE",14,1,38.884275,-76.994716,"orange"
"337",337,"Town Center Pkwy & Sunset Hills Rd",4,0,38.955171,-77.363094,"red"
"338",338,"18th & Monroe St NE",13,0,38.93293,-76.979517,"orange"
"339",339,"Georgia & New Hampshire Ave NW",0,0,38.936684,-77.024181,"red"
"340",340,"Long Bridge Aquatic Center",7,1,38.870561,-77.044095,"orange"
"341",341,"Randle Circle & Minnesota Ave SE",0,0,38.87795,-76.96075,"red"
"342",342,"Greensboro & Pinnacle Dr",6,0,38.92245,-77.23034,"orange"
"343",343,"N Oak St & W Broad St",9,0,38.88837,-77.179832,"orange"
"344",344,"Massachusetts Ave & 6th St NE",0,0,38.892875,-76.998413,"red"
"345",345,"9th & N St NW ",9,4,38.906622,-77.023885,"orange"
"346",346,"Union Market",6,2,38.907908,-76.99707,"orange"
"347",347,"9th & G St NW",10,0,38.898097,-77.023924,"orange"
"348",348,"W Broad St & Little Falls St",9,0,38.883601,-77.173438,"orange"
"349",349,"Baron Cameron Ave & North Hampton Ave",9,0,38.966344,-77.359341,"orange"
"350",350,"Old Meadow Rd & Old Meadow Ln",4,0,38.918988,-77.21246,"red"
"351",351,"Ridge Rd & Southern Ave SE",6,3,38.872976,-76.935246,"orange"
"352",352,"King Farm Blvd & Pleasant Dr",1,0,39.114688,-77.171487,"red"
"353",353,"Thomas Circle",8,0,38.9059,-77.0325,"orange"
"354",354,"Woodley Park Metro / Calvert St & Connecticut Ave NW",7,5,38.923389,-77.051833,"orange"
"355",355,"Virginia Theological Seminary",1,1,38.820152,-77.093879,"red"
"356",356,"Ballston Metro / Stuart St & 9th St N",9,0,38.881044,-77.111768,"orange"
"357",357,"13th St & Eastern Ave",0,0,38.987,-77.029417,"red"
"358",358,"Minnesota Ave & R St SE",11,1,38.869337,-76.978519,"orange"
"359",359,"New Jersey Ave & F St NW",13,3,38.897108,-77.011616,"orange"
"360",360,"8th Rd & S Frederick St",4,1,38.857049,-77.116339,"red"
"361",361,"19th & East Capitol St SE",8,1,38.8896,-76.9769,"orange"
"362",362,"Fort Totten Metro",4,0,38.952369,-77.002721,"red"
"363",363,"S Jordan St & Venable St",5,1,38.811361,-77.109975,"red"
"364",364,"Jones Branch Drive & Scotts Crossing Rd",5,0,38.928502,-77.215624,"red"
"365",365,"12th & Newton St NE",1,1,38.933668,-76.991016,"red"
"366",366,"Dennis Ave & Amherst Ave",6,0,39.025387,-77.044563,"orange"
"367",367,"1st & M St SE",17,0,38.876893,-77.006072,"green"
"368",368,"18th St & Wyoming Ave NW",2,1,38.918809,-77.041571,"red"
"369",369,"Potomac & M St NW",12,2,38.905509,-77.065246,"orange"
"370",370,"Washington-Liberty High School / N Stafford St & Generals Way",0,0,38.888282,-77.111066,"red"
"371",371,"Florida Ave & R St NW",1,1,38.9126,-77.0135,"red"
"372",372,"Eads St & 22nd St S",6,0,38.854381,-77.053412,"orange"
"373",373,"Fort Lincoln Dr & 33rd Pl NE",12,1,38.921641,-76.955687,"orange"
"374",374,"University Dr & Democracy Ln",5,0,38.849411,-77.304435,"red"
"375",375,"New Jersey Ave & N St NW/Dunbar HS",8,2,38.907333,-77.01536,"orange"
"376",376,"Rockville Pike & Old Georgetown Rd",1,0,39.049765,-77.11368,"red"
"377",377,"Tysons Metro North",6,0,38.920939,-77.222115,"orange"
"378",378,"Half & Water St SW",5,1,38.866277,-77.010551,"red"
"379",379,"Perry & 35th St",15,2,38.936213,-76.960054,"orange"
"380",380,"TJ Cmty Ctr / 2nd St & S Old Glebe Rd",4,0,38.869418,-77.095596,"red"
"381",381,"14th St & Colorado Ave NW",2,1,38.956432,-77.032947,"red"
"382",382,"1st & I St SE",13,1,38.878854,-77.005727,"orange"
"383",383,"Town Center Pkwy & Bowman Towne Dr",8,0,38.962524,-77.361902,"orange"
"384",384,"N Quincy St & Glebe Rd",3,1,38.876393,-77.107735,"red"
"385",385,"Washington Blvd & 10th St N",3,3,38.884734,-77.093485,"red"
"386",386,"Sligo Ave & Carroll Ln",4,1,38.990874,-77.016311,"red"
"387",387,"Layton Hall Dr & University Dr",7,0,38.850932,-77.302732,"orange"
"388",388,"34th St & Wisconsin Ave NW",2,1,38.916442,-77.0682,"red"
"389",389,"Stewart & April",1,0,39.044944,-76.981155,"red"
"390",390,"W&OD Trail & Explorer St/Reston Bus Station",4,0,38.957037,-77.359718,"red"
"391",391,"Maine Ave & 7th St SW",6,0,38.878694,-77.023054,"orange"
"392",392,"Maple & Ritchie Ave",12,2,38.983627,-77.006311,"orange"
"393",393,"N. Beauregard St. & Berkley St.",16,0,38.841548,-77.107734,"green"
"394",394,"1st & S Capitol St SE / Oxon Run Trail",12,1,38.824481,-77.005497,"orange"
"395",395,"9th St & Pennsylvania Ave NW",24,0,38.89428,-77.023979,"green"
"396",396,"3rd & D St SE",1,0,38.8851,-77.0023,"red"
"397",397,"Whiting & Lane Dr",8,0,38.809709,-77.135788,"orange"
"398",398,"Tanger Outlets",7,7,38.7968,-77.0026,"orange"
"399",399,"10th & E St NW",5,0,38.895914,-77.026064,"red"
"400",400,"39th & Calvert St NW / Stoddert",3,3,38.922649,-77.077271,"red"
"401",401,"11th & Clifton St NW",4,3,38.920981,-77.027118,"red"
"402",402,"Fleet St & Ritchie Pkwy",1,0,39.076331,-77.141378,"red"
"403",403,"1st & K St NE",4,0,38.902386,-77.005649,"red"
"404",404,"Henry St & Pendleton St",5,2,38.811456,-77.050276,"red"
"405",405,"Rhodes St & 16th St N",2,1,38.892164,-77.079375,"red"
"406",406,"14th & D St NW / John A Wilson Building",15,2,38.894514,-77.031617,"orange"
"407",407,"Wisconsin Ave & Newark St NW",9,9,38.934881,-77.072755,"orange"
"408",408,"Harvard St & Adams Mill Rd NW",0,0,38.927872,-77.043358,"red"
"409",409,"Royal St & Wilkes St",14,1,38.799267,-77.0447,"orange"
"410",410,"Georgia Ave & Emerson St NW",1,1,38.949662,-77.027333,"red"
"411",411,"7th & K St NE",7,2,38.902594,-76.995141,"orange"
"412",412,"Fairfax Blvd & Pickett Rd South",2,0,38.86476,-77.271483,"red"
"413",413,"Fenton St & Ellsworth Dr ",5,1,38.997033,-77.025608,"red"
"414",414,"Park Rd & Holmead Pl NW",14,1,38.9308,-77.0315,"orange"
"415",415,"14th & L St NW",3,0,38.903658,-77.031737,"red"
"416",416,"George Mason Blvd & Armstrong St",2,0,38.841099,-77.30718,"red"
"417",417,"MLK & Marion Barry Ave SE",4,1,38.867373,-76.988039,"red"
"418",418,"Pennsylvania & Minnesota Ave SE",7,1,38.873057,-76.971015,"orange"
"419",419,"18th & C St NW",11,1,38.893511,-77.041544,"orange"
"420",420,"Monroe Ave & Leslie Ave",9,0,38.820932,-77.053096,"orange"
"421",421,"Wisconsin Ave & Upton St NW",3,3,38.941808,-77.07643,"red"
"422",422,"Wisconsin Ave & Rodman St NW",0,0,38.939674,-77.075277,"red"
"423",423,"5th & K St NW",15,9,38.902734,-77.019181,"orange"
"424",424,"S George Mason Dr & S Four Mile Run Dr",4,0,38.852248,-77.105022,"red"
"425",425,"Oak Leaf & Lockwood",5,1,39.037981,-76.994539,"red"
"426",426,"Beech Dr at Draper Dr Park",7,0,38.866659,-77.282077,"orange"
"427",427,"New Jersey Ave & R St NW",4,3,38.912659,-77.017669,"red"
"428",428,"Columbus Ave & Tribeca St",3,0,39.125828,-77.167059,"red"
"429",429,"7th St & Florida Ave NW",1,1,38.916137,-77.022003,"red"
"430",430,"24th & R St NE / National Arboretum",0,0,38.91263,-76.971923,"red"
"431",431,"3rd & N St NE",11,1,38.907073,-77.002109,"orange"
"432",432,"Rhode Island & Montana Ave NE",3,1,38.924492,-76.985133,"red"
"433",433,"Potomac Ave & Half St SW",1,0,38.869683,-77.010815,"red"
"434",434,"12th & Irving St NE",1,1,38.928644,-76.990955,"red"
"435",435,"Founders Row/W Broad St & West St",7,1,38.890155,-77.183178,"orange"
"436",436,"Van Ness Metro / UDC",1,0,38.944551,-77.063896,"red"
"437",437,"21st St & G st NW",16,5,38.898302,-77.046913,"green"
"438",438,"Potomac Ave & 8th St SE",8,5,38.876737,-76.994468,"orange"
"439",439,"Oxon Hill Park & Ride",3,3,38.798749,-77.00103,"red"
"440",440,"Congress Heights Metro",0,0,38.844711,-76.987823,"red"
"441",441,"C & O Canal & Wisconsin Ave NW",20,9,38.90375,-77.06269,"green"
"442",442,"17th & K St NW / Farragut Square",27,1,38.902061,-77.038322,"green"
"443",443,"Eisenhower Ave & Mill Race Ln",6,5,38.801111,-77.068952,"orange"
"444",444,"Roosevelt Island",2,0,38.896553,-77.06714,"red"
"445",445,"Briggs Chaney Park & Ride",1,0,39.077875,-76.941867,"red"
"446",446,"Charles Arrington Dr & Manchester Lakes Dr ",4,2,38.766844,-77.150359,"red"
"447",447,"Georgetown Harbor / 30th St NW",12,4,38.902268,-77.059117,"orange"
"448",448," S Scott St & 13th St S",7,1,38.862862,-77.07716,"orange"
"449",449,"Merrifield Cinema & Merrifield Town Center",15,0,38.870093,-77.22997,"orange"
"450",450,"17th & K St NW",10,0,38.90276,-77.03863,"orange"
"451",451,"Westbranch & Jones Branch Dr",6,0,38.931089,-77.220729,"orange"
"452",452,"11th & M St NW",3,1,38.905579,-77.027313,"red"
"453",453,"Eads St & 15th St S",4,1,38.859751,-77.053235,"red"
"454",454,"Baltimore Ave & Van Buren St / Riverdale Park Station",5,2,38.969581,-76.937349,"red"
"455",455,"12th St & Pennsylvania Ave SE",5,2,38.882489,-76.990121,"red"
"456",456,"11th & Park Rd NW",0,0,38.931322,-77.028247,"red"
"457",457,"24th & N St NW",6,0,38.9066,-77.05152,"orange"
"458",458,"South Dakota Ave & 33rd St NE",6,0,38.921986,-76.960696,"orange"
"459",459,"Eisenhower Ave & Ike Dr",1,0,38.802738,-77.082463,"red"
"460",460,"Benning Rd & East Capitol St NE / Benning Rd Metro",4,4,38.889935,-76.93723,"red"
"461",461,"Crystal Dr & 20th St S",8,0,38.856425,-77.049232,"orange"
"462",462,"19th St & Constitution Ave NW",31,0,38.892212,-77.043074,"green"
"463",463,"Old Meadow Rd & Cathy Ln",0,0,38.916908,-77.213879,"red"
"464",464,"21st St & N Pierce St",1,1,38.898984,-77.078317,"red"
"465",465,"Spring St & 2nd Ave",7,3,38.997653,-77.034499,"orange"
"466",466,"25th & S St SE ",7,2,38.868356,-76.970997,"orange"
"467",467,"Ward Circle / American University",1,0,38.938736,-77.087171,"red"
"468",468,"4th & M St SE",0,0,38.876751,-77.000736,"red"
"469",469,"13th & O St NW/ Logan Circle",1,1,38.908735,-77.029779,"red"
"470",470,"Battery Ln & Trolley Trail",3,0,38.992375,-77.100104,"red"
"471",471,"17th St & Rhode Island Ave NW",4,0,38.906767,-77.038627,"red"
"472",472,"Potomac Greens Dr & Slaters Ln",6,5,38.82175,-77.047494,"orange"
"473",473,"Carroll & Westmoreland Ave",6,4,38.975,-77.01121,"orange"
"474",474,"West Falls Church Metro",7,0,38.9001,-77.1887,"orange"
"475",475,"Joyce St & 16th St S",7,1,38.859254,-77.063275,"orange"
"476",476,"Hains Point/Buckeye & Ohio Dr SW",17,2,38.878433,-77.03023,"green"
"477",477,"Rolfe St & 9th St S",9,0,38.866471,-77.076131,"orange"
"478",478,"Medical Center Metro ",2,1,38.999378,-77.097882,"red"
"479",479,"Ridge Heights Rd & Seahawks Dr",12,0,38.936061,-77.337775,"orange"
"480",480,"Arlington Blvd & Allen St",7,4,38.866361,-77.199788,"orange"
"481",481,"Hamlin & 7th St NE",3,1,38.927497,-76.997194,"red"
"482",482,"15th St & N Scott St",2,1,38.89054,-77.08095,"red"
"483",483,"28th St & S Meade St",12,3,38.846222,-77.069275,"orange"
"484",484,"19th & I St NW",11,1,38.901633,-77.043386,"orange"
"485",485,"Alabama & MLK Ave SE",1,1,38.84323,-76.999376,"red"
"486",486,"Columbia Pike & S George Mason Dr",8,1,38.859306,-77.102019,"orange"
"487",487,"14th St & Luzon Ave NW",12,1,38.969489,-77.033509,"orange"
"488",488,"Wilson Blvd & Ft Myer Dr",15,0,38.8946,-77.072305,"orange"
"489",489,"Ridge Rd Community Center",4,0,38.876227,-76.940981,"red"
"490",490,"8th & F St NE",14,1,38.897274,-76.994749,"orange"
"491",491,"Amherst Ave & Prichard Rd",2,0,39.035965,-77.048395,"red"
"492",492,"Adams Mill & Columbia Rd NW",3,3,38.922849,-77.042525,"red"
"493",493,"Commonwealth Ave & Oak St",3,0,38.812711,-77.061715,"red"
"494",494,"21st & E St NW",2,0,38.896114,-77.046615,"red"
"495",495,"1st & Rhode Island Ave NW",6,2,38.915417,-77.012289,"orange"
"496",496,"King St & W Braddock Rd",8,0,38.827674,-77.088985,"orange"
"497",497,"East West Hwy & 16th St",11,5,38.995681,-77.038721,"orange"
"498",498,"Ridge Heights and Owl Cove Ln",11,2,38.933923,-77.331653,"orange"
"499",499,"Woodmont Ave & Strathmore St",0,0,38.979875,-77.093522,"red"
"500",500,"N Roosevelt St & Roosevelt Blvd",2,1,38.878085,-77.153953,"red"
"501",501,"Rhode Island & Connecticut Ave NW",12,7,38.905996,-77.039802,"orange"
"502",502,"8th & Eye St SE / Barracks Row",7,1,38.8792,-76.9953,"orange"
"503",503,"20th St & Florida Ave NW",4,4,38.9154,-77.0446,"red"
"504",504,"Marion Barry Ave & Naylor Rd SE",6,6,38.861663,-76.969184,"orange"
"505",505,"GMU/Fairfax Dr & Kenmore St",12,4,38.884703,-77.100302,"orange"
"506",506,"Rhode Island Ave & V St NE",2,2,38.918155,-77.004746,"red"
"507",507,"Division Ave & Foote St NE",15,0,38.897407,-76.925907,"orange"
"508",508,"15th & L St NW",9,0,38.903649,-77.034918,"orange"
"509",509,"S Four Mile Run Dr & Shirlington Rd",11,1,38.8444,-77.085931,"orange"
"510",510,"Twinbrook Metro",3,0,39.062041,-77.120776,"red"
"511",511,"11th & O St NW",13,3,38.908431,-77.027088,"orange"
"512",512,"Stewart Ln & Old Columbia Pike",5,1,39.045652,-76.985438,"red"
"513",513,"N Pitt St & Montgomery St",4,4,38.814031,-77.042817,"red"
"514",514,"18th & R St NW",7,3,38.912648,-77.041834,"orange"
"515",515,"Gatehouse Rd & Telestar Ct",2,1,38.868536,-77.225262,"red"
"516",516,"Ballenger Ave & Dulaney St",8,3,38.802677,-77.063562,"orange"
"517",517,"Rosslyn Metro / Wilson Blvd & N Moore St",15,0,38.896087,-77.071452,"orange"
"518",518,"Braddock Rd Metro South",4,1,38.813474,-77.053734,"red"
"519",519,"16th & Irving St NW",4,2,38.928893,-77.03625,"red"
"520",520,"Reston Pkwy & Spectrum Dr",0,0,38.964208,-77.35428,"red"
"521",521,"Cordell & Norfolk Ave",1,1,38.98954,-77.098029,"red"
"522",522,"Vermont Ave & I St NW",9,0,38.901136,-77.034451,"orange"
"523",523,"Madrillon Rd & Boss St",5,0,38.910016,-77.226266,"red"
"524",524,"14th & V St NW",3,2,38.917765,-77.032096,"red"
"525",525,"Maryland Ave & E St NE",6,1,38.896226,-76.992786,"orange"
"526",526,"Tysons Metro South",11,2,38.919475,-77.221179,"orange"
"527",527,"20th & O St NW / Dupont South",9,2,38.908905,-77.04478,"orange"
"528",528,"Wisconsin Ave & Brandywine St NW",0,0,38.949813,-77.080217,"red"
"529",529,"GMU/Patriot Cir & York Dr",10,0,38.827501,-77.304157,"orange"
"530",530,"11th & C St SE",3,0,38.885908,-76.991476,"red"
"531",531,"10th St & Rhode Island Ave NE",5,1,38.922489,-76.99267,"red"
"532",532,"11th & Kenyon St NW",21,2,38.929464,-77.027822,"green"
"533",533,"West Hyattsville Metro",11,10,38.955349,-76.968084,"orange"
"534",534,"4th & G St SW",10,4,38.881117,-77.017699,"orange"
"535",535,"Arlington Mill Cmty Center / Columbia Pike & S Dinwiddie St",11,0,38.856319,-77.11153,"orange"
"536",536,"Barton St & 10th St N",2,0,38.884961,-77.08777,"red"
"537",537,"Arlington Blvd & S George Mason Dr",2,1,38.869442,-77.104503,"red"
"538",538,"Fairfax Village",4,0,38.86559,-76.952103,"red"
"539",539,"M St & Delaware Ave NE",9,1,38.905691,-77.003201,"orange"
"540",540,"Columbia Pike & Monroe St",0,0,38.860344,-77.093672,"red"
"541",541,"Metro Center / 12th & G St NW",11,1,38.898326,-77.027959,"orange"
"542",542,"Virginia Ave & C St NW",10,0,38.894112,-77.044334,"orange"
"543",543,"George Mason Dr & Wilson Blvd",5,0,38.87887,-77.1207,"red"
"544",544,"Crystal City Metro / 18th St & S Bell St",13,2,38.857785,-77.051698,"orange"
"545",545,"Riggs Rd & East West Hwy",14,4,38.9725,-76.9807,"orange"
"546",546,"St. Elizabeths West Campus/DHSÂ ",1,0,38.853124,-77.005174,"red"
"547",547,"10th & H St NE",11,2,38.899984,-76.992725,"orange"
"548",548,"8th & H St NW",10,2,38.8997,-77.023086,"orange"
"549",549,"14th & Harvard St NW",2,2,38.9268,-77.0322,"red"
"550",550,"Washington Blvd & Walter Reed Dr ",3,1,38.873219,-77.082104,"red"
"551",551,"Arlington Blvd & Ft Myer Dr",1,0,38.890863,-77.074893,"red"
"552",552,"Wilson Blvd & N Franklin Rd",8,1,38.8904,-77.0889,"orange"
"553",553,"23rd & E St NW ",2,0,38.896104,-77.049882,"red"
"554",554,"12th & Varnum St NE",8,1,38.943596,-76.990157,"orange"
"555",555,"N Veitch St & 20th St N",2,0,38.896923,-77.086502,"red"
"556",556,"Shady Grove Metro East",0,0,39.121327,-77.164969,"red"
"557",557,"8th & V St NW",5,1,38.917716,-77.022684,"red"
"558",558,"Iwo Jima Memorial / Meade & 14th St N",7,3,38.88992,-77.071301,"orange"
"559",559,"Eckington Pl & Q St NE",4,2,38.91066,-77.004615,"red"
"560",560,"Tenleytown / Wisconsin Ave & Albemarle St NW",0,0,38.947607,-77.079382,"red"
"561",561,"John McCormack Rd & Michigan Ave NE",3,0,38.9346,-76.9955,"red"
"562",562,"Kennedy Center",16,8,38.897293,-77.05557,"green"
"563",563,"S Kenmore St & 24th St S",10,0,38.848454,-77.084918,"orange"
"564",564,"Green Range Dr and Glade Dr",10,0,38.937146,-77.367868,"orange"
"565",565,"Dunn Loring Metro",0,0,38.8828,-77.2283,"red"
"566",566,"Valley Ave & Wheeler Rd SE",19,0,38.836646,-76.993589,"green"
"567",567,"Wisconsin Ave & O St NW",16,6,38.90849,-77.063586,"green"
"568",568,"South Dakota Ave & Decatur St NE ",8,0,38.948307,-76.991829,"orange"
"569",569,"Massachusetts Ave & Dupont Circle NW",20,5,38.9101,-77.0444,"green"
"570",570,"13th & D St NE",6,1,38.894832,-76.987633,"orange"
"571",571,"Blueridge Ave & Elkin St",7,0,39.04313,-77.05006,"orange"
"572",572,"17th & Corcoran St NW",1,0,38.9121,-77.0387,"red"
"573",573,"Tanner Park",5,2,38.911214,-77.002257,"red"
"574",574,"11th & Girard St NW",3,1,38.925196,-77.027127,"red"
"575",575,"Carlin Springs Rd & N Thomas St",1,0,38.876695,-77.112982,"red"
"576",576,"Connecticut Ave & Macomb St NW / Cleveland Park",0,0,38.933626,-77.05753,"red"
"577",577,"Congressional Ln & E Jefferson St",5,0,39.06219,-77.129235,"red"
"578",578,"4th St & Madison Dr NW",12,3,38.890496,-77.017247,"orange"
"579",579,"Army Navy Dr & S Nash St",3,1,38.86215,-77.068121,"red"
"580",580,"14th & Q St NW",5,0,38.910674,-77.03188,"red"
"581",581,"Pennsylvania Ave & Park Ave",11,0,38.887403,-77.176992,"orange"
"582",582,"Silver Spring Metro / Colesville Rd & Wayne Ave",7,1,38.995256,-77.029124,"orange"
"583",583,"Fairfax Blvd & Pickett Rd North",4,1,38.865091,-77.271911,"red"
"584",584,"Anacostia Roller Skating Pavilion",3,0,38.878771,-76.97093,"red"
"585",585,"Kingsbridge Dr & Draper Dr",10,0,38.868545,-77.282083,"orange"
"586",586,"15th St & New York Ave NW",10,0,38.899032,-77.033354,"orange"
"587",587,"Connecticut Ave & Yuma St NW",1,0,38.947156,-77.065115,"red"
"588",588,"Franklin St & S Washington St",9,1,38.798133,-77.0487,"orange"
"589",589,"21st & I St NW",13,4,38.900711,-77.046449,"orange"
"590",590,"Westpark & Jones Branch Dr",1,0,38.924437,-77.217664,"red"
"591",591,"Connecticut Ave & Tilden St NW",1,0,38.941139,-77.061977,"red"
"592",592,"Citadel Ave & McGrath Blvd",5,1,39.049,-77.10933,"red"
"593",593,"7th & E St SW",14,0,38.88345,-77.021741,"orange"
"594",594,"The Shoppes @ Burnt Mills",15,0,39.031314,-77.004122,"orange"
"595",595,"15th & M St NW",3,0,38.905424,-77.034674,"red"
"596",596,"New Hampshire Ave & T St NW",10,4,38.915544,-77.038252,"orange"
"597",597,"California St & Florida Ave NW",7,2,38.917761,-77.04062,"orange"
"598",598,"19th St & Pennsylvania Ave NW",11,5,38.9003,-77.0429,"orange"
"599",599,"Kennebec St & 11th St N",11,6,38.880992,-77.135271,"orange"
"600",600,"Mount Vernon Ave & Bruce St",13,1,38.841291,-77.063093,"orange"
"601",601,"14th & Irving St NW",0,0,38.928552,-77.032224,"red"
"602",602,"Lee Center",1,0,38.797557,-77.053766,"red"
"603",603,"South St & University Dr",3,0,38.844249,-77.305336,"red"
"604",604,"GMU/Rappahannock River Ln",9,0,38.8348,-77.307057,"orange"
"605",605,"Washington Blvd & 7th St N",4,0,38.88081,-77.090792,"red"
"606",606,"National Airport",15,3,38.852903,-77.045916,"orange"
"607",607,"Commonwealth Ave & E Monroe Ave",10,0,38.820058,-77.062821,"orange"
"608",608,"11th & F St NW",4,0,38.897857,-77.026975,"red"
"609",609,"North Capitol & K St NE",9,0,38.902444,-77.008246,"orange"
"610",610,"New Mexico & Cathedral Ave NW",1,0,38.930316,-77.083704,"red"
"611",611,"Takoma Park Rec Center",12,0,38.98265,-76.988311,"orange"
"612",612,"4th & C St SW",20,1,38.886372,-77.017701,"green"
"613",613,"Castle Blvd & Castle Ln",1,0,39.085314,-76.940547,"red"
"614",614,"22nd & P ST NW",13,0,38.909394,-77.048728,"orange"
"615",615,"Takoma Metro",2,2,38.975219,-77.016855,"red"
"616",616,"Largo Rd & Campus Way / Prince Georges's Comm Col",14,4,38.88994,-76.825535,"orange"
"617",617,"Sunset Hills Rd & Discovery Square",1,0,38.95534,-77.357611,"red"
"618",618,"Hartland Rd & Harte Pl",0,0,38.878601,-77.222808,"red"
"619",619,"14th St & Rhode Island Ave NW",2,2,38.9086,-77.0323,"red"
"620",620,"Carroll & Ethan Allen Ave",5,1,38.977933,-77.006472,"red"
"621",621,"Bladensburg Rd & Benning Rd NE",13,1,38.900413,-76.982872,"orange"
"622",622,"Loughboro Rd & Dalecarlia Pkwy NW / Sibley Hospital",10,6,38.935839,-77.106913,"orange"
"623",623,"W Columbia St & N Washington St",6,5,38.885621,-77.166917,"orange"
"624",624,"Westpark & Park Run Dr",4,1,38.928919,-77.225394,"red"
"625",625,"Alabama Ave & Stanton Rd SE / Shops at Park Village",7,0,38.84627,-76.98185,"orange"
"626",626,"Edgewood Rec Center",2,1,38.924144,-77.002098,"red"
"627",627,"River Rd & Landy Ln",6,0,38.964992,-77.103381,"orange"
"628",628,"20th & L St NW",8,2,38.903584,-77.044789,"orange"
"629",629,"Pentagon Row Plaza / Army Navy Dr & Joyce St",14,2,38.863314,-77.063416,"orange"
"630",630,"Capitol Heights Metro",3,1,38.888524,-76.913188,"red"
"631",631,"Virginia Hospital Center",8,0,38.887914,-77.128015,"orange"
"632",632,"Crystal Dr & 15th St S",16,1,38.861056,-77.049417,"green"
"633",633,"King Greenleaf Rec Center",4,0,38.876211,-77.012443,"red"
"634",634,"4th & D St NW / Judiciary Square",10,0,38.895344,-77.016106,"orange"
"635",635,"Branch & Pennsylvania Ave SE",6,0,38.8692,-76.9599,"orange"
"636",636,"Glebe Rd & 11th St N",1,0,38.883921,-77.116817,"red"
"637",637,"Pimmit Dr & Los Pueblos Ln",0,0,38.900371,-77.205428,"red"
"638",638,"Connecticut & Nebraska Ave NW",1,0,38.955016,-77.069956,"red"
"639",639,"18th & New Hampshire Ave NW",2,0,38.911268,-77.041829,"red"
"640",640,"15th St & Massachusetts Ave SE",9,1,38.88732,-76.983569,"orange"
"641",641,"11th & S St NW",2,1,38.913601,-77.027115,"red"
"642",642,"South Capitol & Atlantic St SW",12,0,38.831516,-77.008133,"orange"
"643",643,"Anacostia Library",4,2,38.865784,-76.9784,"red"
"644",644,"2nd & V St SW / James Creek Marina",5,1,38.863743,-77.013814,"red"
"645",645,"Friendship Hts Metro / Wisconsin Ave & Wisconsin Cir",4,0,38.961763,-77.085998,"red"
"646",646,"22nd St & Constitution Ave NW",2,0,38.892441,-77.048947,"red"
"647",647,"33rd St & Wisconsin Ave NW",3,2,38.912181,-77.066074,"red"
"648",648,"Grant Circle",1,1,38.942025,-77.018221,"red"
"649",649,"New Hampshire & Lockwood",3,0,39.039102,-76.991824,"red"
"650",650,"Saint Asaph St & Madison St",3,2,38.812718,-77.044097,"red"
"651",651,"10th St & Constitution Ave NW",41,2,38.893028,-77.026013,"green"
"652",652,"Executive Blvd & E Jefferson St",8,0,39.04873,-77.1257,"orange"
"653",653,"14th & G St NW",16,1,38.898164,-77.031898,"green"
"654",654,"Langston Blvd & N Scott St",3,0,38.897612,-77.080851,"red"
"655",655,"Kansas Ave & Sherman Cr NW",7,2,38.947962,-77.02155,"orange"
"656",656,"14th & Newton St NW",1,0,38.931991,-77.032956,"red"
"657",657,"11th & V St NW",6,3,38.918199,-77.027171,"orange"
"658",658,"Wilson Blvd & N Illinois St ",6,2,38.876528,-77.12712,"orange"
"659",659,"Westover Library / Washington Blvd & N McKinley Rd",13,7,38.886048,-77.142317,"orange"
"660",660,"3rd & M St SE",5,0,38.876823,-77.002161,"red"
"661",661,"10th & U St NW",2,0,38.9172,-77.0259,"red"
"662",662,"Capitol Ave & Kendall St NE",8,0,38.910993,-76.985854,"orange"
"663",663,"20th St & Virginia Ave NW",8,4,38.894722,-77.045128,"orange"
"664",664,"Eads St & 12th St S",17,3,38.862841,-77.054277,"green"
"665",665,"Friendship Blvd & Willard Ave",1,0,38.96115,-77.088659,"red"
"666",666,"Wilson Blvd & N Uhle St",0,0,38.891696,-77.0846,"red"
"667",667,"Fleet St & Waterfront St",0,0,38.782633,-77.016059,"red"
"668",668,"Aurora Hills Cmty Ctr / 18th St & S Hayes St",8,0,38.857866,-77.05949,"orange"
"669",669,"Woodglen Dr & Executive Blvd",1,0,39.04317,-77.1135,"red"
"670",670,"14th St & New York Ave NW",19,1,38.899632,-77.031686,"green"
"671",671,"W&OD Trail & Langston Blvd",10,0,38.88715,-77.16212,"orange"
"672",672,"15th St & Pennsylvania Ave NW",15,1,38.896465,-77.033381,"orange"
"673",673,"Pooks Hill Rd & Linden Ave",8,4,39.014716,-77.107143,"orange"
"674",674,"Mount Vernon Ave & E Del Ray Ave",11,5,38.82595,-77.058541,"orange"
"675",675,"Nannie Helen Burroughs Ave & 49th St NE",11,0,38.898536,-76.931862,"orange"
"676",676,"S Troy St & 26th St S",9,5,38.847977,-77.075104,"orange"
"677",677,"10th St & Florida Ave NW",4,2,38.920387,-77.025672,"red"
"678",678,"Reston Station Blvd & Sunset Hills Rd",1,1,38.946735,-77.331008,"red"
"679",679,"Woody Ward Rec Center",3,0,38.879575,-76.926596,"red"
"680",680,"41st St & Alabama Ave SE / Fort Davis Rec",2,1,38.870353,-76.945283,"red"
"681",681,"20th & E St NW",5,1,38.8963,-77.045,"red"
"682",682,"Clarendon Metro / Wilson Blvd & N Highland St",0,0,38.88701,-77.095257,"red"
"683",683,"Washington Blvd & N Frederick St",5,1,38.884829,-77.127671,"red"
"684",684,"Columbia & Ontario Rd NW",3,2,38.924088,-77.040787,"red"
"685",685,"Crystal Dr & 23rd St S",9,0,38.852929,-77.049723,"orange"
"686",686,"Duke St & John Carlyle St",4,1,38.804378,-77.060866,"red"
"687",687,"GMU/Horizon Hall & Harris Theater",3,0,38.831211,-77.308069,"red"
"688",688,"14th & Girard St NW",2,2,38.925284,-77.032375,"red"
"689",689,"Wakefield High School",0,0,38.847129,-77.11255,"red"
"690",690,"5th & Morse St NE",3,1,38.907287,-76.999167,"red"
"691",691,"3rd & Elm St NW",7,4,38.917622,-77.01597,"orange"
"692",692,"King St Metro North / Cameron St",5,2,38.80704,-77.059817,"red"
"693",693,"Wilson Blvd & N Quinn St",3,0,38.893993,-77.07857,"red"
"694",694,"Vienna Metro South",3,0,38.877415,-77.270731,"red"
"695",695,"Eastern Market Metro",20,1,38.884181,-76.995358,"green"
"696",696,"Westpark Dr & Leesburg Pike",0,0,38.92403,-77.235955,"red"
"697",697,"Stadium Armory Metro",4,0,38.885483,-76.977187,"red"
"698",698,"Metro Park Dr & Walker Ln ",1,1,38.76843,-77.156504,"red"
"699",699,"10th & K St NW",10,4,38.9024,-77.02622,"orange"
"700",700,"Potomac & Pennsylvania Ave SE",10,0,38.8803,-76.9862,"orange"
"701",701,"4th St & Mississippi Ave SE",19,2,38.836,-77.0009,"green"
"702",702,"Maine Ave & 9th St SW",14,6,38.88044,-77.025236,"orange"
"703",703,"1st & L St NW",3,0,38.903819,-77.011987,"red"
"704",704,"Rockville Pike & Rose Ave",1,0,39.051022,-77.115438,"red"
"705",705,"Georgia Ave & Piney Branch Rd NW",6,0,38.967505,-77.027976,"orange"
"706",706,"Wheeler Ave & S. Floyd St.",7,0,38.808161,-77.100796,"orange"
"707",707,"East West Hwy & Blair Mill Rd",1,1,38.990249,-77.02935,"red"
"708",708,"1st & O St NW",5,2,38.908643,-77.012365,"red"
"709",709,"6th & H St NE",19,3,38.899972,-76.998347,"green"
"710",710,"Duke St & Strand (Robinson Terminal)",10,2,38.801947,-77.040293,"orange"
"711",711,"S Wayne St and 9th St S",2,0,38.864694,-77.082491,"red"
"712",712,"4th & M St SW",12,0,38.876941,-77.017807,"orange"
"713",713,"Columbia Pike & W&OD Trail ",4,3,38.856645,-77.109609,"red"
"714",714,"S Reynolds St & Edsall Rd",4,0,38.809607,-77.128908,"red"
"715",715,"Massachusetts & Idaho Ave NW",0,0,38.931349,-77.077214,"red"
"716",716,"Fishers Ln & Rock Creek Mill Rd",1,0,39.0629,-77.113454,"red"
"717",717,"Southern Ave Metro",5,0,38.840107,-76.9753,"red"
"718",718,"King St & Peyton St",8,3,38.806002,-77.055911,"orange"
"719",719,"North Capitol St & F St NW",6,1,38.897446,-77.009888,"orange"
"720",720,"Greensboro Metro East",4,0,38.920687,-77.233165,"red"
"721",721,"Mississippi Ave & 19th St SE / THEARC",0,0,38.84377,-76.97557,"red"
"722",722,"Norfolk Ave & Fairmont St",0,0,38.988562,-77.096539,"red"
"723",723,"Wiehle-Reston Metro South",2,0,38.946608,-77.339391,"red"
"724",724,"34th St & Minnesota Ave SE",1,0,38.883843,-76.957511,"red"
"725",725,"Anacostia Metro",3,1,38.862601,-76.994578,"red"
"726",726,"North Bethesda Metro",1,0,39.04753,-77.11287,"red"
"727",727,"Jones Branch Dr & Blyton St",10,0,38.926973,-77.217376,"orange"
"728",728,"N Pershing Dr & N Wayne St",1,0,38.880705,-77.08596,"red"
"729",729,"Vy Reston Heights",3,0,38.949008,-77.355299,"red"
"730",730,"Greensboro & International Dr",1,1,38.923083,-77.227417,"red"
"731",731,"Old Georgetown Rd & Southwick St",14,0,38.999634,-77.109647,"orange"
"732",732,"8th & O St NW",13,7,38.90864,-77.02277,"orange"
"733",733,"Needwood Rd & Eagles Head Ct",10,0,39.123513,-77.15741,"orange"
"734",734,"Anacostia Park",3,0,38.873926,-76.981179,"red"
"735",735,"18th St & Rhode Island Ave NE",10,2,38.927095,-76.978924,"orange"
"736",736,"Park Run & Onyx Dr",1,0,38.92755,-77.226644,"red"
"737",737,"8th & East Capitol St NE",3,1,38.889988,-76.995193,"red"
"738",738,"Langston Blvd & N Monroe St",4,0,38.896456,-77.104562,"red"
"739",739,"S Glebe Rd & Potomac Ave",9,6,38.8426,-77.0502,"orange"
"740",740,"Thomas Jefferson St NW & Water/K St NW",14,0,38.902826,-77.060173,"orange"
"741",741,"17th & P St NW",9,2,38.909858,-77.038566,"orange"
"742",742,"National Harbor Carousel",3,3,38.7859,-77.0167,"red"
"743",743,"Potomac Ave & Main Line Blvd",17,9,38.822738,-77.049265,"green"
"744",744,"Convention Center / 7th & M St NW",8,0,38.905737,-77.02227,"orange"
"745",745,"Neal St & Trinidad Ave NE",1,0,38.903732,-76.987211,"red"
"746",746,"16th & K St NW/BLM Plaza",33,0,38.902677,-77.035866,"green"
"747",747,"Anacostia Ave & East Capitol St NE",5,0,38.890461,-76.96128,"red"
"748",748,"Maryland Ave & 17th St NE",11,8,38.901935,-76.978627,"orange"
"749",749,"Olde Crafts Dr and Cartwright Pl",10,0,38.938797,-77.354067,"orange"
"750",750,"12th St N & N Pierce St",2,2,38.887659,-77.07592,"red"
"751",751,"14th St & Marion Barry Ave SE",6,4,38.866611,-76.985238,"orange"
"752",752,"17th St & New York Ave NW",11,5,38.896604,-77.039778,"orange"
"753",753,"King St Metro South",4,1,38.805763,-77.060627,"red"
"754",754,"N Howard St & N Imboden St",4,0,38.818509,-77.105564,"red"
"755",755,"Rockville Metro East",2,0,39.085394,-77.145803,"red"
"756",756,"Crystal Dr & 27th St S",3,0,38.848466,-77.051514,"red"
"757",757,"Market Square / King St & Royal St",12,6,38.804718,-77.043363,"orange"
"758",758,"Baltimore Ave & Jefferson St",5,0,38.95548,-76.940133,"red"
"759",759,"Stanton Square SE",2,0,38.855004,-76.984512,"red"
"760",760,"Rosedale Rec Center",14,2,38.897808,-76.979634,"orange"
"761",761,"19th & G St NW",8,0,38.898412,-77.043182,"orange"
"762",762,"Glade Dr & Pinecrest Rd/Cathy Hudgins Cmty Ctr",7,0,38.941496,-77.366499,"orange"
"763",763,"14th St Heights / 14th & Crittenden St NW",0,0,38.947774,-77.032818,"red"
"764",764,"Reston Pkwy & Bennington Woods Rd",2,0,38.973625,-77.351837,"red"
"765",765,"Potomac Ave & Swann Ave",9,3,38.829545,-77.047844,"orange"
"766",766,"15th & W St NW",6,2,38.919019,-77.034449,"orange"
"767",767,"4th & E St SW",16,0,38.88412,-77.017445,"green"
"768",768,"Holmes Run Pkwy & N Pickett St",11,1,38.814305,-77.11893,"orange"
"769",769,"36th & Calvert St NW / Glover Park",0,0,38.922581,-77.070334,"red"
"770",770,"Hardy Rec Center",2,2,38.909701,-77.085646,"red"
"771",771,"Lyttonsville Rd & Lyttonsville Pl",10,2,38.999679,-77.051168,"orange"
"772",772,"3rd & Underwood St NW",12,1,38.968935,-77.016263,"orange"
"773",773,"Pleasant St & MLK Ave SE",6,0,38.863897,-76.990037,"orange"
"774",774,"4th & College St NW",1,1,38.921233,-77.018135,"red"
"775",775,"15th & East Capitol St NE",6,2,38.889908,-76.983326,"orange"
"776",776,"Fort Stanton Rec Center",5,0,38.857369,-76.977688,"red"
"777",777,"3rd St & Riggs Rd NE",1,0,38.957463,-77.002239,"red"
"778",778,"Main Line Blvd & E Glebe",4,0,38.832431,-77.049772,"red"
