"","...1","...2","datetime","tempmax","tempmin","temp","humidity","precip","precipcover","preciptype","cloudcover","visibility","uvindex","sunrise","sunset","moonphase","conditions","description","icon","stations"
"1",1,1,2023-01-01,16.3,6.4,11,82.2,0.101,4.17,"rain",47.7,14.6,4,2023-01-01 07:26:52,2023-01-01 16:56:42,0.32,"Rain, Partially cloudy","Clearing in the afternoon with morning rain.","rain","KDCA,72405013743,72403793728,KADW,KDAA,AS365,74594013705"
"2",2,2,2023-01-02,17.2,4.4,10.5,79.3,0,0,"rain",87.8,15.9,4,2023-01-02 07:26:59,2023-01-02 16:57:31,0.35,"Partially cloudy","Partly cloudy throughout the day.","partly-cloudy-day","KDCA,72405013743,72403793728,KADW,KDAA,AS365,74594013705"
"3",3,3,2023-01-03,20,10.1,15.2,78.5,0,0,"rain",90.8,15.6,2,2023-01-03 07:27:04,2023-01-03 16:58:22,0.39,"Overcast","Cloudy skies throughout the day.","cloudy","KDCA,72405013743,72403793728,KGAI,KADW,KDAA,AS365,72033493764,74594013705"
"4",4,4,2023-01-04,18.3,11.9,15.3,85.4,0,0,"rain",85.1,15.9,2,2023-01-04 07:27:07,2023-01-04 16:59:14,0.42,"Partially cloudy","Partly cloudy throughout the day.","partly-cloudy-day","KDCA,72405013743,72403793728,KGAI,KADW,KDAA,AS365,72033493764,74594013705"
"5",5,5,2023-01-05,17.8,9.8,13.5,70.4,0,0,NA,75.8,15.9,4,2023-01-05 07:27:08,2023-01-05 17:00:08,0.46,"Partially cloudy","Partly cloudy throughout the day.","partly-cloudy-day","KDCA,72405013743,72403793728,KADW,KDAA,AS365,74594013705"
"6",6,6,2023-01-06,11,6.5,8.9,55.1,0,0,NA,88.5,16,4,2023-01-06 07:27:07,2023-01-06 17:01:03,0.5,"Partially cloudy","Partly cloudy throughout the day.","partly-cloudy-day","KDCA,72405013743,72403793728,KADW,KDAA,AS365,74594013705"
"7",7,7,2023-01-07,10.5,3.2,6.6,50.8,0,0,NA,61,16,5,2023-01-07 07:27:04,2023-01-07 17:01:59,0.52,"Partially cloudy","Partly cloudy throughout the day.","partly-cloudy-day","KDCA,72405013743,72403793728,KADW,KDAA,AS365,74594013705"
"8",8,8,2023-01-08,6.6,-0.3,3.3,66.3,0.267,4.17,"rain",59.7,15.9,3,2023-01-08 07:26:58,2023-01-08 17:02:56,0.56,"Rain, Partially cloudy","Partly cloudy throughout the day with late afternoon rain.","rain","KDCA,72405013743,72403793728,D6279,KADW,KDAA,AS365,74594013705"
"9",9,9,2023-01-09,10.5,2.7,5.8,61.7,0,0,"rain",31.7,15.2,5,2023-01-09 07:26:51,2023-01-09 17:03:54,0.59,"Partially cloudy","Clearing in the afternoon.","partly-cloudy-day","KDCA,72405013743,72403793728,KADW,KDAA,AS365,74594013705"
"10",10,10,2023-01-10,8.3,1.2,4.6,57.1,0,0,NA,60.5,16,3,2023-01-10 07:26:41,2023-01-10 17:04:53,0.63,"Partially cloudy","Partly cloudy throughout the day.","partly-cloudy-day","KDCA,72405013743,72403793728,KADW,KDAA,AS365,74594013705"
"11",11,11,2023-01-11,8.2,0.2,4.4,72.9,0.476,4.17,"rain,freezingrain",72.8,15.5,3,2023-01-11 07:26:29,2023-01-11 17:05:54,0.66,"Rain, Freezing Drizzle/Freezing Rain, Partially cloudy","Partly cloudy throughout the day with late afternoon rain.","rain","KDCA,72405013743,72403793728,KADW,KDAA,AS365,74594013705"
"12",12,12,2023-01-12,12.8,4.8,8.5,84.2,3.225,20.83,"rain",95.3,14.9,3,2023-01-12 07:26:15,2023-01-12 17:06:55,0.69,"Rain, Overcast","Cloudy skies throughout the day with rain.","rain","KDCA,72405013743,72403793728,KGAI,KADW,KDAA,AS365,72033493764,74594013705"
"13",13,13,2023-01-13,12.7,4.3,9,68.3,6.331,25,"rain",83.5,15.6,5,2023-01-13 07:25:59,2023-01-13 17:07:57,0.73,"Rain, Partially cloudy","Partly cloudy throughout the day with rain clearing later.","rain","KDCA,72405013743,72403793728,KADW,KDAA,AS365,74594013705"
"14",14,14,2023-01-14,4.2,-0.1,2.2,58,0,0,"rain,snow",98.8,16,1,2023-01-14 07:25:41,2023-01-14 17:09:00,0.75,"Overcast","Cloudy skies throughout the day.","cloudy","KDCA,72405013743,72403793728,KADW,KDAA,AS365,74594013705"
"15",15,15,2023-01-15,7.7,-1.7,2.4,51.5,0,0,"rain,snow",17.9,16,5,2023-01-15 07:25:21,2023-01-15 17:10:04,0.79,"Clear","Clear conditions throughout the day.","clear-day","KDCA,72405013743,72403793728,KADW,KDAA,AS365,74594013705"
"16",16,16,2023-01-16,12.7,-0.9,5.4,39,0,0,"rain,snow",36.7,16,5,2023-01-16 07:24:58,2023-01-16 17:11:08,0.83,"Partially cloudy","Partly cloudy throughout the day.","partly-cloudy-day","KDCA,72405013743,72403793728,KADW,KDAA,AS365,74594013705"
"17",17,17,2023-01-17,7.2,3.1,5.2,83.8,1.417,20.83,"rain",90.5,13.8,1,2023-01-17 07:24:34,2023-01-17 17:12:14,0.86,"Rain, Overcast","Cloudy skies throughout the day with rain in the morning and afternoon.","rain","KDCA,72405013743,72403793728,KADW,KDAA,AS365,72033493764,74594013705"
"18",18,18,2023-01-18,14.9,3.8,8.8,73.3,0,0,"rain",42.8,14.8,5,2023-01-18 07:24:07,2023-01-18 17:13:19,0.89,"Partially cloudy","Clearing in the afternoon.","partly-cloudy-day","KDCA,72405013743,72403793728,KADW,KDAA,AS365,74594013705"
"19",19,19,2023-01-19,8.2,5.9,7,81.5,1.948,33.33,"rain",97.9,13.5,1,2023-01-19 07:23:39,2023-01-19 17:14:26,0.93,"Rain, Overcast","Cloudy skies throughout the day with rain.","rain","KDCA,72405013743,72403793728,D6279,KADW,KDAA,AS365,74594013705"
"20",20,20,2023-01-20,11,5,7.8,61.6,0,0,"rain",75.8,13.4,4,2023-01-20 07:23:08,2023-01-20 17:15:33,0.96,"Partially cloudy","Partly cloudy throughout the day.","partly-cloudy-day","KDCA,72405013743,72403793728,D6279,KADW,KDAA,AS365,74594013705"
"21",21,21,2023-01-21,6.6,1.7,5.1,55.3,0,0,NA,78.7,16,1,2023-01-21 07:22:36,2023-01-21 17:16:40,0,"Partially cloudy","Partly cloudy throughout the day.","partly-cloudy-day","KIAD,KDCA,72405013743,72403793728,72403093738,KGAI,KADW,KDAA,AS365,74594013705"
"22",22,22,2023-01-22,6,0.8,3.2,83.1,5.943,33.33,"rain",89.3,13,1,2023-01-22 07:22:01,2023-01-22 17:17:48,0.03,"Rain, Partially cloudy","Partly cloudy throughout the day with rain.","rain","KDCA,72405013743,72403793728,KADW,KDAA,AS365,74594013705"
"23",23,23,2023-01-23,8.3,3.8,5.6,71.8,2.188,29.17,"rain",96.2,14.9,2,2023-01-23 07:21:25,2023-01-23 17:18:56,0.06,"Rain, Overcast","Cloudy skies throughout the day with rain clearing later.","rain","KDCA,72405013743,72403793728,KADW,KDAA,AS365,74594013705"
"24",24,24,2023-01-24,10.5,0.4,5.1,56.3,0,0,NA,62.4,16,5,2023-01-24 07:20:47,2023-01-24 17:20:05,0.1,"Partially cloudy","Partly cloudy throughout the day.","partly-cloudy-day","KDCA,72405013743,72403793728,D6279,KADW,KDAA,AS365,74594013705"
"25",25,25,2023-01-25,8.4,2,4.9,81.6,12.065,50,"rain",95.8,11.8,0,2023-01-25 07:20:06,2023-01-25 17:21:14,0.13,"Rain, Overcast","Cloudy skies throughout the day with rain.","rain","KDCA,72405013743,72403793728,D6279,KADW,KDAA,AS365,74594013705"
"26",26,26,2023-01-26,9.8,4.8,7.2,60.6,0.022,4.17,"rain",75.2,15.9,3,2023-01-26 07:19:24,2023-01-26 17:22:23,0.16,"Rain, Partially cloudy","Partly cloudy throughout the day with early morning rain.","rain","KDCA,72405013743,72403793728,KADW,KDAA,AS365,74594013705"
"27",27,27,2023-01-27,7.6,0.2,3.9,50.1,0,0,NA,46.9,16,5,2023-01-27 07:18:40,2023-01-27 17:23:33,0.2,"Partially cloudy","Partly cloudy throughout the day.","partly-cloudy-day","KDCA,72405013743,72403793728,KADW,KDAA,AS365,72033493764,74594013705"
"28",28,28,2023-01-28,14.2,1.4,6.7,52.2,0,0,NA,59.2,16,5,2023-01-28 07:17:55,2023-01-28 17:24:42,0.25,"Partially cloudy","Partly cloudy throughout the day.","partly-cloudy-day","KDCA,72405013743,72403793728,KADW,KDAA,AS365,74594013705"
"29",29,29,2023-01-29,9.9,4.8,7.1,70.1,0.885,12.5,"rain",80.2,15.9,2,2023-01-29 07:17:07,2023-01-29 17:25:52,0.26,"Rain, Partially cloudy","Partly cloudy throughout the day with afternoon rain.","rain","KDCA,72405013743,72403793728,KADW,KDAA,AS365,74594013705"
"30",30,30,2023-01-30,16.1,4.9,9.2,76.6,0,0,NA,64.1,15.8,5,2023-01-30 07:16:18,2023-01-30 17:27:02,0.3,"Partially cloudy","Partly cloudy throughout the day.","partly-cloudy-day","KDCA,72405013743,72403793728,KADW,KDAA,AS365,74594013705"
"31",31,31,2023-01-31,8.3,2.7,5.2,86.6,4.194,25,"rain",85.5,14.3,1,2023-01-31 07:15:27,2023-01-31 17:28:12,0.33,"Rain, Partially cloudy","Partly cloudy throughout the day with rain in the morning and afternoon.","rain","KDCA,72405013743,72403793728,KADW,KDAA,AS365,72033493764,74594013705"
"32",32,32,2023-02-01,4.9,0.3,2,59.4,1.093,16.67,"rain,snow",81.8,14.7,6,2023-02-01 07:14:34,2023-02-01 17:29:21,0.36,"Snow, Rain, Partially cloudy","Partly cloudy throughout the day with rain or snow clearing later.","snow","KDCA,72405013743,72403793728,KADW,KDAA,AS365,74594013705"
"33",33,33,2023-02-02,5.4,-0.4,2.2,59.2,0,0,NA,94.5,16,4,2023-02-02 07:13:40,2023-02-02 17:30:31,0.4,"Overcast","Cloudy skies throughout the day.","cloudy","KDCA,72405013743,72403793728,D6279,KADW,KDAA,AS365,74594013705"
"34",34,34,2023-02-03,4.8,-6.8,-0.2,43.4,0,0,NA,54.6,15.9,6,2023-02-03 07:12:44,2023-02-03 17:31:41,0.43,"Partially cloudy","Clearing in the afternoon.","partly-cloudy-day","KDCA,72405013743,72403793728,KADW,KDAA,AS365,74594013705"
"35",35,35,2023-02-04,-0.1,-8.4,-4.2,37.9,0,0,NA,27.8,16,6,2023-02-04 07:11:46,2023-02-04 17:32:51,0.46,"Partially cloudy","Partly cloudy throughout the day.","partly-cloudy-day","KDCA,72405013743,72403793728,KADW,KDAA,AS365,74594013705"
"36",36,36,2023-02-05,14.9,0.5,6.8,42.6,0,0,NA,79.7,16,5,2023-02-05 07:10:47,2023-02-05 17:34:01,0.5,"Partially cloudy","Partly cloudy throughout the day.","partly-cloudy-day","KDCA,72405013743,72403793728,KADW,KDAA,AS365,74594013705"
"37",37,37,2023-02-06,12.7,3.8,8.7,55,0,0,NA,65,16,4,2023-02-06 07:09:47,2023-02-06 17:35:10,0.53,"Partially cloudy","Partly cloudy throughout the day.","partly-cloudy-day","KDCA,72405013743,72403793728,KGAI,KADW,KDAA,AS365,72033493764,74594013705"
"38",38,38,2023-02-07,9.4,-0.4,5.2,67.5,0,0,"freezingrain",66.2,15.5,4,2023-02-07 07:08:44,2023-02-07 17:36:20,0.57,"Partially cloudy","Partly cloudy throughout the day.","partly-cloudy-day","KDCA,72405013743,72403793728,KGAI,KADW,KDAA,AS365,72033493764,74594013705"
"39",39,39,2023-02-08,18.7,6.8,11.8,53.1,0,0,NA,85.6,15.9,5,2023-02-08 07:07:41,2023-02-08 17:37:29,0.6,"Partially cloudy","Partly cloudy throughout the day.","partly-cloudy-day","KDCA,72405013743,72403793728,KADW,KDAA,AS365,74594013705"
"40",40,40,2023-02-09,17.4,7.7,12.8,65.1,0,0,NA,87.9,16,3,2023-02-09 07:06:36,2023-02-09 17:38:39,0.64,"Partially cloudy","Partly cloudy throughout the day.","partly-cloudy-day","KDCA,72405013743,72403793728,KADW,KDAA,AS365,74594013705"
"41",41,41,2023-02-10,17.8,9.2,14.2,51,0,0,NA,70.4,16,6,2023-02-10 07:05:29,2023-02-10 17:39:47,0.67,"Partially cloudy","Partly cloudy throughout the day.","partly-cloudy-day","KIAD,KDCA,72405013743,72403793728,72403093738,KGAI,KADW,KDAA,AS365,72033493764,74594013705"
"42",42,42,2023-02-11,10,4.3,7.3,41.3,0,0,NA,80.8,16,6,2023-02-11 07:04:22,2023-02-11 17:40:56,0.7,"Partially cloudy","Partly cloudy throughout the day.","partly-cloudy-day","KIAD,KDCA,72405013743,72403793728,72403093738,D6279,KGAI,KADW,KDAA,AS365,72033493764,74594013705"
"43",43,43,2023-02-12,5.4,3.2,4.2,75.6,20.454,62.5,"rain",91.3,13.4,1,2023-02-12 07:03:13,2023-02-12 17:42:05,0.74,"Rain, Overcast","Cloudy skies throughout the day with rain.","rain","KDCA,72405013743,72403793728,KADW,KDAA,AS365,74594013705"
"44",44,44,2023-02-13,14.2,2.9,8.2,46.8,0.573,12.5,"rain",62.2,16,6,2023-02-13 07:02:02,2023-02-13 17:43:13,0.75,"Rain, Partially cloudy","Partly cloudy throughout the day with early morning rain.","rain","KDCA,72405013743,72403793728,KADW,KDAA,AS365,74594013705"
"45",45,45,2023-02-14,15,2.9,8.9,51.3,0,0,NA,56.6,15.9,6,2023-02-14 07:00:50,2023-02-14 17:44:21,0.81,"Partially cloudy","Partly cloudy throughout the day.","partly-cloudy-day","KDCA,72405013743,72403793728,D6279,KADW,KDAA,AS365,74594013705"
"46",46,46,2023-02-15,20,9.3,13.5,55.3,0.267,4.17,"rain",82.3,16,6,2023-02-15 06:59:38,2023-02-15 17:45:29,0.84,"Rain, Partially cloudy","Partly cloudy throughout the day with morning rain.","rain","KDCA,72405013743,72403793728,KADW,KDAA,AS365,74594013705"
"47",47,47,2023-02-16,17.1,8.3,12.5,86.4,3.485,20.83,"rain",90.3,14.2,2,2023-02-16 06:58:24,2023-02-16 17:46:36,0.88,"Rain, Overcast","Cloudy skies throughout the day with rain.","rain","KDCA,72405013743,72403793728,D6279,KADW,KDAA,AS365,72033493764,74594013705"
"48",48,48,2023-02-17,17.2,2.1,10.8,75.5,17.224,29.17,"rain",88.9,13.9,1,2023-02-17 06:57:08,2023-02-17 17:47:44,0.91,"Rain, Partially cloudy","Partly cloudy throughout the day with a chance of rain throughout the day.","rain","KDCA,72405013743,72403793728,KADW,KDAA,AS365,72033493764,74594013705"
"49",49,49,2023-02-18,8.2,-1.8,2.7,45.6,0,0,NA,31.6,16,6,2023-02-18 06:55:52,2023-02-18 17:48:50,0.95,"Partially cloudy","Partly cloudy throughout the day.","partly-cloudy-day","KIAD,KDCA,72405013743,72403793728,72403093738,KGAI,KADW,KDAA,AS365,72033493764,74594013705"
"50",50,50,2023-02-19,16,3.1,9.3,54,0,0,NA,64.6,16,7,2023-02-19 06:54:35,2023-02-19 17:49:57,0.98,"Partially cloudy","Partly cloudy throughout the day.","partly-cloudy-day","KDCA,72405013743,72403793728,KADW,KDAA,AS365,74594013705"
"51",51,51,2023-02-20,13.9,8.7,11.3,69.3,0,0,NA,86.5,16,3,2023-02-20 06:53:16,2023-02-20 17:51:03,0,"Partially cloudy","Partly cloudy throughout the day.","partly-cloudy-day","KIAD,KDCA,72405013743,72403793728,72403093738,KGAI,KADW,KDAA,AS365,72033493764,74594013705"
"52",52,52,2023-02-21,17.7,7.6,12.3,59.1,0.278,4.17,"rain",72.6,16,6,2023-02-21 06:51:57,2023-02-21 17:52:09,0.05,"Rain, Partially cloudy","Partly cloudy throughout the day with early morning rain.","rain","KDCA,72405013743,72403793728,KADW,KDAA,AS365,74594013705"
"53",53,53,2023-02-22,11.7,6.2,9.2,54,0.502,8.33,"rain",86.9,16,4,2023-02-22 06:50:36,2023-02-22 17:53:15,0.08,"Rain, Partially cloudy","Partly cloudy throughout the day with morning rain.","rain","KDCA,72405013743,72403793728,D6279,KADW,KDAA,AS365,74594013705"
"54",54,54,2023-02-23,27,7.6,13.9,68,0,0,"rain",53.3,15.7,7,2023-02-23 06:49:15,2023-02-23 17:54:20,0.11,"Partially cloudy","Clearing in the afternoon.","partly-cloudy-day","KDCA,72405013743,72403793728,D6279,KADW,KDAA,74594013705"
"55",55,55,2023-02-24,18.6,5.4,12.6,35.7,0,0,NA,44.2,16,7,2023-02-24 06:47:53,2023-02-24 17:55:25,0.14,"Partially cloudy","Becoming cloudy in the afternoon.","partly-cloudy-day","KDCA,72405013743,72403793728,D6279,KADW,KDAA,74594013705"
"56",56,56,2023-02-25,4.1,0.8,2.5,65.4,0.272,4.17,"rain,snow",92.2,14.9,2,2023-02-25 06:46:29,2023-02-25 17:56:30,0.18,"Snow, Rain, Overcast","Cloudy skies throughout the day with afternoon rain or snow.","rain","KDCA,72405013743,72403793728,D6279,KADW,KDAA,74594013705"
"57",57,57,2023-02-26,11.6,2.7,6.8,73.2,0,0,"rain",67.3,15.3,7,2023-02-26 06:45:05,2023-02-26 17:57:34,0.21,"Partially cloudy","Partly cloudy throughout the day.","partly-cloudy-day","KDCA,72405013743,72403793728,D6279,KADW,KDAA,72033493764,74594013705"
"58",58,58,2023-02-27,10.6,3,7.6,64.6,4.138,16.67,"rain",80.9,15.7,5,2023-02-27 06:43:41,2023-02-27 17:58:38,0.25,"Rain, Partially cloudy","Partly cloudy throughout the day with late afternoon rain.","rain","KDCA,72405013743,72403793728,D6279,KADW,KDAA,74594013705"
"59",59,59,2023-02-28,17.1,4.9,9.3,74.4,2.727,8.33,"rain",70.5,14.6,7,2023-02-28 06:42:15,2023-02-28 17:59:42,0.28,"Rain, Partially cloudy","Partly cloudy throughout the day with early morning rain.","rain","KDCA,72405013743,72403793728,D6279,KGAI,KADW,KDAA,72033493764,74594013705"
"60",60,60,2023-03-01,13.4,3.8,9,74.8,0,0,"rain",40.7,14.7,7,2023-03-01 06:40:49,2023-03-01 18:00:46,0.31,"Partially cloudy","Partly cloudy throughout the day.","partly-cloudy-day","KDCA,72405013743,72403793728,D6279,KADW,KDAA,72033493764,74594013705"
"61",61,61,2023-03-02,18.8,8.8,12.9,69.3,1.317,16.67,"rain",86.1,15.8,4,2023-03-02 06:39:22,2023-03-02 18:01:49,0.34,"Rain, Partially cloudy","Partly cloudy throughout the day with rain clearing later.","rain","KDCA,72405013743,72403793728,D6279,KADW,KDAA,74594013705"
"62",62,62,2023-03-03,11,4.9,7.4,73.2,5.547,45.83,"rain",90.6,13.2,1,2023-03-03 06:37:54,2023-03-03 18:02:52,0.37,"Rain, Overcast","Cloudy skies throughout the day with rain.","rain","KDCA,72405013743,72403793728,D6279,KGAI,KADW,KDAA,72033493764,74594013705"
"63",63,63,2023-03-04,14.3,4.9,9.6,60.3,1.873,4.17,"rain",53.7,16,7,2023-03-04 06:36:26,2023-03-04 18:03:54,0.41,"Rain, Partially cloudy","Clearing in the afternoon with early morning rain.","rain","KDCA,72405013743,72403793728,D6279,KADW,KDAA,74594013705"
"64",64,64,2023-03-05,18.2,2.8,10.2,52.9,0,0,NA,20.7,16,7,2023-03-05 06:34:57,2023-03-05 18:04:56,0.44,"Partially cloudy","Partly cloudy throughout the day.","partly-cloudy-day","KDCA,72405013743,72403793728,D6279,KADW,KDAA,74594013705"
"65",65,65,2023-03-06,14.4,4.4,9.2,50.9,0,0,NA,53.6,16,7,2023-03-06 06:33:27,2023-03-06 18:05:58,0.47,"Partially cloudy","Partly cloudy throughout the day.","partly-cloudy-day","KDCA,72405013743,72403793728,D6279,KADW,KDAA,74594013705"
"66",66,66,2023-03-07,12.7,5.5,8.2,46.6,0,0,NA,46.5,16,7,2023-03-07 06:31:57,2023-03-07 18:07:00,0.5,"Partially cloudy","Clearing in the afternoon.","partly-cloudy-day","KDCA,72405013743,72403793728,D6279,KADW,KDAA,74594013705"
"67",67,67,2023-03-08,11.6,1.6,6.5,40.3,0,0,NA,15.3,16,7,2023-03-08 06:30:27,2023-03-08 18:08:01,0.54,"Clear","Clear conditions throughout the day.","clear-day","KDCA,72405013743,72403793728,D6279,KADW,KDAA,74594013705"
"68",68,68,2023-03-09,13.2,2.7,7.7,49.2,0,0,NA,35.5,16,7,2023-03-09 06:28:56,2023-03-09 18:09:03,0.58,"Partially cloudy","Partly cloudy throughout the day.","partly-cloudy-day","KDCA,72405013743,72403793728,D6279,KGAI,KADW,KDAA,72033493764,74594013705"
"69",69,69,2023-03-10,7.8,4.9,6.5,75.7,3.798,29.17,"rain",90.4,14,2,2023-03-10 06:27:24,2023-03-10 18:10:03,0.61,"Rain, Overcast","Cloudy skies throughout the day with rain.","rain","KDCA,72405013743,72403793728,D6279,KGAI,KADW,KDAA,72033493764,74594013705"
"70",70,70,2023-03-11,8.7,3.7,5.9,53.3,0,0,NA,92.8,16,5,2023-03-11 06:25:52,2023-03-11 18:11:04,0.65,"Overcast","Cloudy skies throughout the day.","cloudy","KDCA,72405013743,72403793728,D6279,KADW,KDAA,74594013705"
"71",71,71,2023-03-12,5.5,0.5,3.1,72.5,0.579,16.67,"rain",75.8,15.9,2,2023-03-12 07:24:20,2023-03-12 19:12:04,0.68,"Rain, Partially cloudy","Partly cloudy throughout the day with rain.","rain","KDCA,72405013743,72403793728,D6279,KADW,KDAA,74594013705"
"72",72,72,2023-03-13,9.9,3.7,6.2,78.9,1.094,16.67,"rain",96.2,13.1,3,2023-03-13 07:22:47,2023-03-13 19:13:05,0.72,"Rain, Overcast","Cloudy skies throughout the day with early morning rain.","rain","KDCA,72405013743,72403793728,D6279,KGAI,KADW,KDAA,72033493764,74594013705"
"73",73,73,2023-03-14,6.1,1,3.6,43.4,0,0,NA,48,16,7,2023-03-14 07:21:15,2023-03-14 19:14:05,0.75,"Partially cloudy","Partly cloudy throughout the day.","partly-cloudy-day","KDCA,72405013743,72403793728,D6279,KGAI,KADW,KDAA,72033493764,74594013705"
"74",74,74,2023-03-15,11,0.5,5.1,36.9,0,0,NA,21.7,16,8,2023-03-15 07:19:41,2023-03-15 19:15:04,0.79,"Partially cloudy","Partly cloudy throughout the day.","partly-cloudy-day","KDCA,72405013743,72403793728,D6279,KADW,KDAA,74594013705"
"75",75,75,2023-03-16,17.8,1.5,9.4,32.1,0,0,NA,54.8,16,8,2023-03-16 07:18:08,2023-03-16 19:16:04,0.82,"Partially cloudy","Partly cloudy throughout the day.","partly-cloudy-day","KDCA,72405013743,72403793728,D6279,KADW,KDAA,74594013705"
"76",76,76,2023-03-17,16.6,9.4,12.9,53.1,0.296,8.33,"rain",91.6,15.7,2,2023-03-17 07:16:34,2023-03-17 19:17:03,0.86,"Rain, Overcast","Cloudy skies throughout the day with afternoon rain.","rain","KDCA,72405013743,72403793728,D6279,KADW,KDAA,74594013705"
"77",77,77,2023-03-18,13.3,5.5,8.8,42,0.354,8.33,"rain",77,16,8,2023-03-18 07:15:00,2023-03-18 19:18:03,0.89,"Rain, Partially cloudy","Partly cloudy throughout the day with early morning rain.","rain","KDCA,72405013743,72403793728,D6279,KADW,KDAA,74594013705"
"78",78,78,2023-03-19,6.6,-1.7,2.8,32.3,0,0,NA,35.7,16,8,2023-03-19 07:13:26,2023-03-19 19:19:02,0.93,"Partially cloudy","Partly cloudy throughout the day.","partly-cloudy-day","KDCA,72405013743,72403793728,D6279,KADW,KDAA,74594013705"
"79",79,79,2023-03-20,11.1,-1.6,4.7,37.1,0,0,NA,19.9,16,8,2023-03-20 07:11:52,2023-03-20 19:20:01,0.96,"Clear","Clear conditions throughout the day.","clear-day","KDCA,72405013743,72403793728,D6279,KADW,KDAA,74594013705"
"80",80,80,2023-03-21,17.2,0.8,8.6,43.4,0,0,NA,50.9,16,7,2023-03-21 07:10:18,2023-03-21 19:20:59,0,"Partially cloudy","Becoming cloudy in the afternoon.","partly-cloudy-day","KIAD,KDCA,72405013743,72403793728,D6279,72403093738,KGAI,KADW,KDAA,72033493764,74594013705"
"81",81,81,2023-03-22,19.3,8.7,13.1,40.7,0,0,NA,84.1,16,7,2023-03-22 07:08:44,2023-03-22 19:21:58,0.03,"Partially cloudy","Partly cloudy throughout the day.","partly-cloudy-day","KDCA,72405013743,72403793728,D6279,KADW,KDAA,74594013705"
"82",82,82,2023-03-23,28.2,10.6,17.8,60.8,0,0,NA,81.2,16,6,2023-03-23 07:07:09,2023-03-23 19:22:56,0.06,"Partially cloudy","Partly cloudy throughout the day.","partly-cloudy-day","KDCA,72405013743,72403793728,D6279,KGAI,KADW,KDAA,72033493764,74594013705"
"83",83,83,2023-03-24,20.5,6.1,12.9,80.9,18.302,50,"rain",98,14.4,1,2023-03-24 07:05:35,2023-03-24 19:23:55,0.1,"Rain, Overcast","Cloudy skies throughout the day with rain.","rain","KDCA,72405013743,72403793728,D6279,KADW,KDAA,74594013705"
"84",84,84,2023-03-25,11.7,6.7,8.6,90.7,3.951,33.33,"rain",100,11.1,3,2023-03-25 07:04:00,2023-03-25 19:24:53,0.13,"Rain, Overcast","Cloudy skies throughout the day with a chance of rain throughout the day.","rain","KDCA,72405013743,72403793728,D6279,KADW,KDAA,74594013705"
"85",85,85,2023-03-26,21,8.8,14.3,50.5,0,0,NA,28.7,12.8,8,2023-03-26 07:02:26,2023-03-26 19:25:51,0.16,"Partially cloudy","Partly cloudy throughout the day.","partly-cloudy-day","KDCA,72405013743,72403793728,D6279,KADW,KDAA,74594013705"
"86",86,86,2023-03-27,16,8.2,12.4,75.5,0.511,8.33,"rain",70.9,15.4,3,2023-03-27 07:00:52,2023-03-27 19:26:49,0.19,"Rain, Partially cloudy","Partly cloudy throughout the day with afternoon rain.","rain","KDCA,72405013743,72403793728,D6279,KADW,KDAA,74594013705"
"87",87,87,2023-03-28,15.5,7.9,11.5,57.5,0,0,NA,63.8,16,7,2023-03-28 06:59:18,2023-03-28 19:27:47,0.25,"Partially cloudy","Partly cloudy throughout the day.","partly-cloudy-day","KDCA,72405013743,72403793728,D6279,KADW,KDAA,74594013705"
"88",88,88,2023-03-29,15.4,6.3,11.1,43.4,0,0,NA,56.4,16,7,2023-03-29 06:57:44,2023-03-29 19:28:45,0.26,"Partially cloudy","Partly cloudy throughout the day.","partly-cloudy-day","KDCA,72405013743,72403793728,D6279,KADW,KDAA,74594013705"
"89",89,89,2023-03-30,12.1,2.8,8.1,39.7,0,0,NA,13.5,16,8,2023-03-30 06:56:10,2023-03-30 19:29:43,0.29,"Clear","Clear conditions throughout the day.","clear-day","KIAD,KDCA,72405013743,72403793728,D6279,72403093738,KGAI,KADW,KDAA,72033493764,74594013705"
"90",90,90,2023-03-31,18.8,5.3,12.1,62.5,0,0,NA,70.3,16,4,2023-03-31 06:54:36,2023-03-31 19:30:41,0.32,"Partially cloudy","Partly cloudy throughout the day.","partly-cloudy-day","KDCA,72405013743,72403793728,D6279,KADW,KDAA,74594013705"
"91",91,91,2023-04-01,24.3,9.9,18,70.3,6.493,54.17,"rain",86,15.6,7,2023-04-01 06:53:03,2023-04-01 19:31:39,0.35,"Rain, Partially cloudy","Partly cloudy throughout the day with a chance of rain throughout the day.","rain","KDCA,72405013743,72403793728,D6279,KADW,KDAA,74594013705"
"92",92,92,2023-04-02,13.8,8.3,10.6,42.6,0,0,NA,40.3,16,8,2023-04-02 06:51:30,2023-04-02 19:32:37,0.39,"Partially cloudy","Clearing in the afternoon.","partly-cloudy-day","KDCA,72405013743,72403793728,D6279,KADW,KDAA,74594013705"
"93",93,93,2023-04-03,21.6,5.1,13.3,56.9,0,0,NA,58.5,16,8,2023-04-03 06:49:57,2023-04-03 19:33:35,0.42,"Partially cloudy","Partly cloudy throughout the day.","partly-cloudy-day","KDCA,72405013743,72403793728,D6279,KADW,KDAA,74594013705"
"94",94,94,2023-04-04,26.2,13.2,19.3,59.6,0,0,NA,24.5,16,8,2023-04-04 06:48:24,2023-04-04 19:34:32,0.45,"Partially cloudy","Partly cloudy throughout the day.","partly-cloudy-day","KDCA,72405013743,72403793728,D6279,KADW,KDAA,74594013705"
"95",95,95,2023-04-05,29.9,16,22.5,67.9,0,0,NA,78.4,15.9,8,2023-04-05 06:46:52,2023-04-05 19:35:30,0.48,"Partially cloudy","Partly cloudy throughout the day.","partly-cloudy-day","KDCA,72405013743,72403793728,D6279,72403093738,KGAI,KADW,KDAA,72033493764,74594013705"
"96",96,96,2023-04-06,29.4,17.1,23.3,63,0.823,8.33,"rain",85.5,15.7,6,2023-04-06 06:45:20,2023-04-06 19:36:28,0.5,"Rain, Partially cloudy","Partly cloudy throughout the day with late afternoon rain.","rain","KDCA,72405013743,72403793728,D6279,KADW,KDAA,74594013705"
"97",97,97,2023-04-07,16.6,10.5,12.7,42.9,0.289,8.33,"rain",92.1,16,1,2023-04-07 06:43:49,2023-04-07 19:37:26,0.55,"Rain, Overcast","Cloudy skies throughout the day with afternoon rain.","rain","KDCA,72405013743,72403793728,D6279,KADW,KDAA,74594013705"
"98",98,98,2023-04-08,11.5,7.6,9.4,41.6,0,0,NA,88.7,16,7,2023-04-08 06:42:18,2023-04-08 19:38:23,0.59,"Partially cloudy","Partly cloudy throughout the day.","partly-cloudy-day","KDCA,72405013743,72403793728,D6279,KADW,KDAA,74594013705"
"99",99,99,2023-04-09,16.5,4.4,10.6,47.1,0,0,NA,33.9,16,9,2023-04-09 06:40:48,2023-04-09 19:39:21,0.62,"Partially cloudy","Partly cloudy throughout the day.","partly-cloudy-day","KDCA,72405013743,72403793728,D6279,KADW,KDAA,74594013705"
"100",100,100,2023-04-10,17.8,5.5,11.8,44.8,0,0,NA,2,16,9,2023-04-10 06:39:18,2023-04-10 19:40:19,0.66,"Clear","Clear conditions throughout the day.","clear-day","KDCA,72405013743,72403793728,D6279,KGAI,KADW,KDAA,72033493764,74594013705"
"101",101,101,2023-04-11,25.5,6.9,15.7,41.8,0,0,NA,36.4,16,9,2023-04-11 06:37:48,2023-04-11 19:41:17,0.7,"Partially cloudy","Partly cloudy throughout the day.","partly-cloudy-day","KDCA,72405013743,72403793728,D6279,KGAI,KADW,KDAA,72033493764,74594013705"
"102",102,102,2023-04-12,29.2,13.1,20.9,44.1,0,0,NA,47.3,16,8,2023-04-12 06:36:19,2023-04-12 19:42:15,0.73,"Partially cloudy","Clearing in the afternoon.","partly-cloudy-day","KDCA,72405013743,72403793728,D6279,KADW,KDAA,72033493764,74594013705"
"103",103,103,2023-04-13,31,13,21.9,47,0,0,NA,6.4,16,9,2023-04-13 06:34:51,2023-04-13 19:43:13,0.75,"Clear","Clear conditions throughout the day.","clear-day","KDCA,72405013743,72403793728,D6279,KADW,KDAA,74594013705"
"104",104,104,2023-04-14,27.1,15.3,20.3,63.4,0,0,"rain",85.7,15.9,6,2023-04-14 06:33:23,2023-04-14 19:44:10,0.8,"Partially cloudy","Partly cloudy throughout the day.","partly-cloudy-day","KDCA,72405013743,72403793728,D6279,KADW,KDAA,72033493764,74594013705"
"105",105,105,2023-04-15,25.5,18.2,20.3,83.6,9.046,20.83,"rain",87.7,15.5,7,2023-04-15 06:31:56,2023-04-15 19:45:08,0.84,"Rain, Partially cloudy","Partly cloudy throughout the day with rain.","rain","KDCA,72405013743,72403793728,D6279,KGAI,KADW,KDAA,72033493764,74594013705"
"106",106,106,2023-04-16,26.7,15.4,21.3,74.1,0,0,NA,77.5,15.9,6,2023-04-16 06:30:29,2023-04-16 19:46:06,0.87,"Partially cloudy","Partly cloudy throughout the day.","partly-cloudy-day","KDCA,72405013743,72403793728,D6279,KADW,KDAA,74594013705"
"107",107,107,2023-04-17,21.6,13.4,16.9,46.3,0.27,8.33,"rain",81.1,16,8,2023-04-17 06:29:04,2023-04-17 19:47:04,0.91,"Rain, Partially cloudy","Partly cloudy throughout the day with early morning rain.","rain","KDCA,72405013743,72403793728,D6279,KADW,KDAA,74594013705"
"108",108,108,2023-04-18,23.3,8.9,16,35.7,0,0,NA,21.7,16,9,2023-04-18 06:27:39,2023-04-18 19:48:02,0.95,"Partially cloudy","Partly cloudy throughout the day.","partly-cloudy-day","KDCA,72405013743,72403793728,D6279,KADW,KDAA,74594013705"
"109",109,109,2023-04-19,23.7,7.2,15.5,43.6,0,0,NA,27.8,16,9,2023-04-19 06:26:14,2023-04-19 19:49:00,0.98,"Partially cloudy","Becoming cloudy in the afternoon.","partly-cloudy-day","KDCA,72405013743,72403793728,D6279,KADW,KDAA,74594013705"
"110",110,110,2023-04-20,29.8,12.4,20.4,60.3,0,0,NA,52.5,15.8,9,2023-04-20 06:24:51,2023-04-20 19:49:58,0,"Partially cloudy","Partly cloudy throughout the day.","partly-cloudy-day","KDCA,72405013743,72403793728,D6279,KADW,KDAA,74594013705"
"111",111,111,2023-04-21,31.1,14.1,22,60.6,0,0,NA,34.4,15.4,8,2023-04-21 06:23:28,2023-04-21 19:50:56,0.05,"Partially cloudy","Partly cloudy throughout the day.","partly-cloudy-day","KDCA,72405013743,72403793728,D6279,KADW,KDAA,74594013705"
"112",112,112,2023-04-22,22.8,14.8,18.9,68.5,10.388,25,"rain",77.4,15.3,3,2023-04-22 06:22:07,2023-04-22 19:51:54,0.08,"Rain, Partially cloudy","Partly cloudy throughout the day with rain.","rain","KDCA,72405013743,72403793728,D6279,KADW,KDAA,74594013705"
"113",113,113,2023-04-23,17.8,9.9,14.2,57.2,0,0,NA,59,16,7,2023-04-23 06:20:46,2023-04-23 19:52:53,0.11,"Partially cloudy","Becoming cloudy in the afternoon.","partly-cloudy-day","KDCA,72405013743,72403793728,D6279,KGAI,KADW,KDAA,72033493764,74594013705"
"114",114,114,2023-04-24,16,8.1,11.6,41.5,0,0,NA,59.9,16,8,2023-04-24 06:19:26,2023-04-24 19:53:51,0.14,"Partially cloudy","Partly cloudy throughout the day.","partly-cloudy-day","KDCA,72405013743,72403793728,D6279,KADW,KDAA,74594013705"
"115",115,115,2023-04-25,16,6.5,11.7,45.3,0,0,NA,73.6,16,9,2023-04-25 06:18:07,2023-04-25 19:54:49,0.18,"Partially cloudy","Partly cloudy throughout the day.","partly-cloudy-day","KDCA,72405013743,72403793728,D6279,KGAI,KADW,KDAA,72033493764,74594013705"
"116",116,116,2023-04-26,19.3,8.3,13.5,63.7,0.293,8.33,"rain",69,15.9,9,2023-04-26 06:16:49,2023-04-26 19:55:47,0.21,"Rain, Partially cloudy","Partly cloudy throughout the day with afternoon rain.","rain","KDCA,72405013743,72403793728,D6279,KGAI,KADW,KDAA,72033493764,74594013705"
"117",117,117,2023-04-27,22,10.9,15.9,68.6,0,0,NA,82.8,16,8,2023-04-27 06:15:32,2023-04-27 19:56:45,0.25,"Partially cloudy","Partly cloudy throughout the day.","partly-cloudy-day","KDCA,72405013743,72403793728,D6279,KADW,KDAA,74594013705"
"118",118,118,2023-04-28,14.9,12.1,13.4,91,30.259,83.33,"rain",98.6,9,1,2023-04-28 06:14:16,2023-04-28 19:57:43,0.27,"Rain, Overcast","Cloudy skies throughout the day with a chance of rain throughout the day.","rain","KDCA,72405013743,72403793728,D6279,KADW,KDAA,74594013705"
"119",119,119,2023-04-29,19.3,12.7,15.3,84.8,3.669,29.17,"rain",94.2,12.7,7,2023-04-29 06:13:01,2023-04-29 19:58:40,0.31,"Rain, Overcast","Cloudy skies throughout the day with rain clearing later.","rain","KDCA,72405013743,72403793728,D6279,KADW,KDAA,74594013705"
"120",120,120,2023-04-30,18.2,14.9,16.3,86,9.635,37.5,"rain",98.6,13,2,2023-04-30 06:11:47,2023-04-30 19:59:38,0.34,"Rain, Overcast","Cloudy skies throughout the day with rain in the morning and afternoon.","rain","KDCA,72405013743,72403793728,D6279,KGAI,KADW,KDAA,72033493764,74594013705"
"121",121,121,2023-05-01,16,9.9,13.7,50.6,0.018,4.17,"rain",77.9,16,3,2023-05-01 06:10:34,2023-05-01 20:00:36,0.37,"Rain, Partially cloudy","Partly cloudy throughout the day with late afternoon rain.","rain","KDCA,72405013743,72403793728,D6279,KGAI,KADW,KDAA,72033493764,74594013705"
"122",122,122,2023-05-02,14.9,9.9,11.9,62.2,0,0,"rain",92.3,15.9,4,2023-05-02 06:09:23,2023-05-02 20:01:34,0.4,"Overcast","Cloudy skies throughout the day.","cloudy","KDCA,72405013743,72403793728,D6279,KADW,KDAA,74594013705"
"123",123,123,2023-05-03,13.6,9,11,58.2,0.267,4.17,"rain",93,16,4,2023-05-03 06:08:12,2023-05-03 20:02:31,0.43,"Rain, Overcast","Cloudy skies throughout the day with morning rain.","rain","KDCA,72405013743,72403793728,D6279,KADW,KDAA,74594013705"
"124",124,124,2023-05-04,17,8.3,12.7,60.1,0,0,"rain",74.6,16,5,2023-05-04 06:07:03,2023-05-04 20:03:28,0.47,"Partially cloudy","Partly cloudy throughout the day.","partly-cloudy-day","KDCA,72405013743,72403793728,D6279,KADW,KDAA,74594013705"
"125",125,125,2023-05-05,20.9,8.1,15,60.4,0,0,NA,46.6,16,8,2023-05-05 06:05:55,2023-05-05 20:04:26,0.5,"Partially cloudy","Becoming cloudy in the afternoon.","partly-cloudy-day","KDCA,72405013743,72403793728,D6279,KADW,KDAA,74594013705"
"126",126,126,2023-05-06,23.6,10.2,16.7,58.8,0,0,NA,51.6,16,9,2023-05-06 06:04:49,2023-05-06 20:05:23,0.53,"Partially cloudy","Becoming cloudy in the afternoon.","partly-cloudy-day","KDCA,72405013743,72403793728,D6279,KADW,KDAA,74594013705"
"127",127,127,2023-05-07,22.9,12.5,17.3,77.2,0.504,12.5,"rain",71.3,16,6,2023-05-07 06:03:44,2023-05-07 20:06:20,0.57,"Rain, Partially cloudy","Partly cloudy throughout the day with late afternoon rain.","rain","KDCA,72405013743,72403793728,D6279,KADW,KDAA,74594013705"
"128",128,128,2023-05-08,28.3,15.6,21.5,71.4,0.058,4.17,"rain",74.6,13.8,8,2023-05-08 06:02:40,2023-05-08 20:07:16,0.61,"Rain, Partially cloudy","Partly cloudy throughout the day with morning rain.","rain","KDCA,72405013743,72403793728,D6279,KADW,KDAA,74594013705"
"129",129,129,2023-05-09,20.9,13.9,17.7,67,2.615,20.83,"rain",77.5,15.9,4,2023-05-09 06:01:37,2023-05-09 20:08:12,0.64,"Rain, Partially cloudy","Partly cloudy throughout the day with rain clearing later.","rain","KDCA,72405013743,72403793728,D6279,KADW,KDAA,74594013705"
"130",130,130,2023-05-10,22.1,10.4,16.3,58.3,0,0,NA,74.9,16,8,2023-05-10 06:00:36,2023-05-10 20:09:09,0.68,"Partially cloudy","Partly cloudy throughout the day.","partly-cloudy-day","KDCA,72405013743,72403793728,D6279,KADW,KDAA,72033493764,74594013705"
"131",131,131,2023-05-11,25,11.8,18.5,68.8,0,0,NA,69,16,8,2023-05-11 05:59:36,2023-05-11 20:10:04,0.71,"Partially cloudy","Partly cloudy throughout the day.","partly-cloudy-day","KDCA,72405013743,72403793728,D6279,KGAI,KADW,KDAA,72033493764,74594013705"
"132",132,132,2023-05-12,28.3,15.3,21.8,70.7,0,0,NA,78.4,16,8,2023-05-12 05:58:38,2023-05-12 20:11:00,0.75,"Partially cloudy","Partly cloudy throughout the day.","partly-cloudy-day","KDCA,72405013743,72403793728,D6279,KGAI,KADW,KDAA,72033493764,74594013705"
"133",133,133,2023-05-13,24.3,17.8,20.4,83.7,2.28,29.17,"rain",91,15.1,2,2023-05-13 05:57:41,2023-05-13 20:11:55,0.78,"Rain, Overcast","Cloudy skies throughout the day with rain.","rain","KDCA,72405013743,72403793728,D6279,KADW,KDAA,74594013705"
"134",134,134,2023-05-14,26,13.6,20.2,55.3,0,0,NA,42.7,15.9,9,2023-05-14 05:56:45,2023-05-14 20:12:50,0.82,"Partially cloudy","Clearing in the afternoon.","partly-cloudy-day","KDCA,72405013743,72403793728,D6279,KADW,KDAA,74594013705"
"135",135,135,2023-05-15,23.3,13,18.2,42.6,0,0,NA,68.1,16,9,2023-05-15 05:55:52,2023-05-15 20:13:44,0.86,"Partially cloudy","Clearing in the afternoon.","partly-cloudy-day","KDCA,72405013743,72403793728,D6279,KADW,KDAA,74594013705"
"136",136,136,2023-05-16,25.5,14.2,19.9,67.9,0,0,NA,83.7,16,9,2023-05-16 05:54:59,2023-05-16 20:14:38,0.89,"Partially cloudy","Partly cloudy throughout the day.","partly-cloudy-day","KDCA,72405013743,72403793728,D6279,KADW,KDAA,74594013705"
"137",137,137,2023-05-17,23.2,15.8,20.2,50,0,0,NA,59.3,16,8,2023-05-17 05:54:09,2023-05-17 20:15:31,0.93,"Partially cloudy","Clearing in the afternoon.","partly-cloudy-day","KDCA,72405013743,72403793728,D6279,KADW,KDAA,72033493764,74594013705"
"138",138,138,2023-05-18,21.5,9.7,15.7,45.2,0,0,NA,38.3,16,9,2023-05-18 05:53:19,2023-05-18 20:16:24,0.96,"Partially cloudy","Becoming cloudy in the afternoon.","partly-cloudy-day","KIAD,KDCA,72405013743,72403793728,D6279,72403093738,KGAI,KADW,KDAA,72033493764,74594013705"
"139",139,139,2023-05-19,23.2,13,18.1,64.9,0,0,NA,71.8,16,8,2023-05-19 05:52:32,2023-05-19 20:17:17,0,"Partially cloudy","Partly cloudy throughout the day.","partly-cloudy-day","KDCA,72405013743,72403793728,D6279,KADW,KDAA,74594013705"
"140",140,140,2023-05-20,26.2,14.3,19.4,76.9,3.85,12.5,"rain",83.5,15.4,8,2023-05-20 05:51:46,2023-05-20 20:18:08,0.03,"Rain, Partially cloudy","Partly cloudy throughout the day with late afternoon rain.","rain","KDCA,72405013743,72403793728,D6279,KADW,KDAA,74594013705"
"141",141,141,2023-05-21,26,14.2,20.2,56.4,0.561,16.67,"rain",29.9,16,8,2023-05-21 05:51:02,2023-05-21 20:19:00,0.06,"Rain, Partially cloudy","Partly cloudy throughout the day with early morning rain.","rain","KDCA,72405013743,72403793728,D6279,KADW,KDAA,74594013705"
"142",142,142,2023-05-22,27.6,14.7,21.3,53.7,0,0,NA,55.7,16,8,2023-05-22 05:50:19,2023-05-22 20:19:50,0.1,"Partially cloudy","Partly cloudy throughout the day.","partly-cloudy-day","KDCA,72405013743,72403793728,D6279,KADW,KDAA,74594013705"
"143",143,143,2023-05-23,23.7,15.7,19.5,59.5,0,0,NA,84.9,15.7,6,2023-05-23 05:49:39,2023-05-23 20:20:40,0.13,"Partially cloudy","Partly cloudy throughout the day.","partly-cloudy-day","KDCA,72405013743,72403793728,D6279,KADW,KDAA,74594013705"
"144",144,144,2023-05-24,27,13,19.9,53.5,0,0,NA,65,16,8,2023-05-24 05:49:00,2023-05-24 20:21:29,0.16,"Partially cloudy","Partly cloudy throughout the day.","partly-cloudy-day","KIAD,KDCA,72405013743,72403793728,D6279,72403093738,KGAI,KADW,KDAA,72033493764,74594013705"
"145",145,145,2023-05-25,22.7,14.3,18.6,45.8,0,0,NA,53.3,16,9,2023-05-25 05:48:22,2023-05-25 20:22:17,0.19,"Partially cloudy","Clearing in the afternoon.","partly-cloudy-day","KDCA,72405013743,72403793728,D6279,KADW,KDAA,74594013705"
"146",146,146,2023-05-26,23.7,12.3,18.3,51.2,0,0,NA,45.9,16,9,2023-05-26 05:47:47,2023-05-26 20:23:05,0.23,"Partially cloudy","Partly cloudy throughout the day.","partly-cloudy-day","KDCA,72405013743,72403793728,D6279,KADW,KDAA,74594013705"
"147",147,147,2023-05-27,24.9,12.8,19,45.6,0,0,NA,64.7,16,9,2023-05-27 05:47:13,2023-05-27 20:23:52,0.25,"Partially cloudy","Partly cloudy throughout the day.","partly-cloudy-day","KDCA,72405013743,72403793728,D6279,KADW,KDAA,74594013705"
"148",148,148,2023-05-28,23.2,15.3,19,60,0.278,4.17,"rain",95.2,15.6,5,2023-05-28 05:46:41,2023-05-28 20:24:37,0.29,"Rain, Overcast","Cloudy skies throughout the day with late afternoon rain.","rain","KDCA,72405013743,72403793728,D6279,KADW,KDAA,74594013705"
"149",149,149,2023-05-29,24.7,17.1,19.8,82.4,18.596,58.33,"rain",97.2,14.4,3,2023-05-29 05:46:11,2023-05-29 20:25:22,0.32,"Rain, Overcast","Cloudy skies throughout the day with a chance of rain throughout the day.","rain","KDCA,72405013743,72403793728,D6279,KADW,KDAA,74594013705"
"150",150,150,2023-05-30,23.7,15.4,18.8,71.1,3.036,16.67,"rain",85.4,15.7,9,2023-05-30 05:45:43,2023-05-30 20:26:06,0.36,"Rain, Partially cloudy","Partly cloudy throughout the day with early morning rain.","rain","KDCA,72405013743,72403793728,D6279,KADW,KDAA,74594013705"
"151",151,151,2023-05-31,25.4,12.9,19,58.7,0,0,NA,22.5,15.1,9,2023-05-31 05:45:16,2023-05-31 20:26:49,0.39,"Partially cloudy","Partly cloudy throughout the day.","partly-cloudy-day","KDCA,72405013743,72403793728,D6279,72403093738,72406093721,KADW,KDAA,74594013705"
"152",152,152,2023-06-01,28.7,14.7,22.2,62.9,0,0,NA,19.7,14.2,9,2023-06-01 05:44:51,2023-06-01 20:27:31,0.42,"Clear","Clear conditions throughout the day.","clear-day","KIAD,KDCA,72405013743,72403793728,D6279,72403093738,KGAI,KADW,KDAA,72033493764,74594013705"
"153",153,153,2023-06-02,33.6,17.4,25.3,58.6,0,0,NA,18.8,13.4,9,2023-06-02 05:44:28,2023-06-02 20:28:12,0.45,"Clear","Clear conditions throughout the day.","clear-day","KDCA,72405013743,72403793728,D6279,KADW,KDAA,74594013705"
"154",154,154,2023-06-03,28.7,17.1,24.1,64.7,0,0,NA,72.6,16,8,2023-06-03 05:44:07,2023-06-03 20:28:51,0.5,"Partially cloudy","Partly cloudy throughout the day.","partly-cloudy-day","KDCA,72405013743,72403793728,D6279,KADW,KDAA,74594013705"
"155",155,155,2023-06-04,24.2,16,19.2,62.6,0,0,"rain",77.6,16,9,2023-06-04 05:43:48,2023-06-04 20:29:30,0.52,"Partially cloudy","Partly cloudy throughout the day.","partly-cloudy-day","KDCA,72405013743,72403793728,D6279,KADW,KDAA,74594013705"
"156",156,156,2023-06-05,26.5,14.9,20.8,57,0,0,NA,67.6,16,9,2023-06-05 05:43:31,2023-06-05 20:30:07,0.55,"Partially cloudy","Partly cloudy throughout the day.","partly-cloudy-day","KDCA,72405013743,72403793728,D6279,KADW,KDAA,74594013705"
"157",157,157,2023-06-06,28.2,15.7,22.5,41.7,0,0,NA,83.3,13.2,7,2023-06-06 05:43:16,2023-06-06 20:30:43,0.59,"Partially cloudy","Partly cloudy throughout the day.","partly-cloudy-day","KDCA,72405013743,72403793728,D6279,KADW,KDAA,74594013705"
"158",158,158,2023-06-07,26.5,16.7,22.2,41.8,0,0,NA,62.4,7.4,7,2023-06-07 05:43:02,2023-06-07 20:31:18,0.63,"Partially cloudy","Clearing in the afternoon.","partly-cloudy-day","KDCA,72405013743,72403793728,D6279,KADW,KDAA,72033493764,74594013705"
"159",159,159,2023-06-08,25.4,15.8,20.4,48.4,0,0,NA,74.5,4.8,7,2023-06-08 05:42:51,2023-06-08 20:31:52,0.66,"Partially cloudy","Partly cloudy throughout the day.","partly-cloudy-day","KDCA,72405013743,72403793728,D6279,72403093738,KGAI,KADW,KDAA,72033493764,74594013705"
"160",160,160,2023-06-09,24.2,15.1,20.2,46.9,0,0,"rain",69.5,15.8,6,2023-06-09 05:42:41,2023-06-09 20:32:24,0.7,"Partially cloudy","Partly cloudy throughout the day.","partly-cloudy-day","KDCA,72405013743,72403793728,D6279,KADW,KDAA,74594013705"
"161",161,161,2023-06-10,30.5,14.7,22.9,46.5,0,0,NA,41.9,16,9,2023-06-10 05:42:33,2023-06-10 20:32:55,0.75,"Partially cloudy","Becoming cloudy in the afternoon.","partly-cloudy-day","KDCA,72405013743,72403793728,D6279,KADW,KDAA,74594013705"
"162",162,162,2023-06-11,32,18.4,25.1,53.9,0,0,NA,67.8,15.5,8,2023-06-11 05:42:27,2023-06-11 20:33:24,0.77,"Partially cloudy","Partly cloudy throughout the day.","partly-cloudy-day","KIAD,KDCA,72405013743,72403793728,D6279,72403093738,KGAI,KADW,KDAA,72033493764,74594013705"
"163",163,163,2023-06-12,26,20,23.7,68.8,5.463,16.67,"rain",88.8,15.5,2,2023-06-12 05:42:23,2023-06-12 20:33:52,0.8,"Rain, Partially cloudy","Partly cloudy throughout the day with rain.","rain","KDCA,72405013743,72403793728,D6279,KGAI,KADW,KDAA,72033493764,74594013705"
"164",164,164,2023-06-13,27.1,15.8,22,53.6,0,0,NA,55.5,16,8,2023-06-13 05:42:20,2023-06-13 20:34:18,0.84,"Partially cloudy","Partly cloudy throughout the day.","partly-cloudy-day","KDCA,72405013743,72403793728,D6279,KADW,KDAA,74594013705"
"165",165,165,2023-06-14,28.2,18.1,22.2,53.5,0,0,"rain",64.2,15.7,8,2023-06-14 05:42:20,2023-06-14 20:34:43,0.87,"Partially cloudy","Partly cloudy throughout the day.","partly-cloudy-day","KIAD,KDCA,72405013743,72403793728,D6279,72403093738,KGAI,KADW,KDAA,72033493764,74594013705"
"166",166,166,2023-06-15,28.7,17.3,23,43.3,0,0,NA,45.6,15.9,9,2023-06-15 05:42:21,2023-06-15 20:35:06,0.91,"Partially cloudy","Partly cloudy throughout the day.","partly-cloudy-day","KDCA,72405013743,72403793728,D6279,KADW,KDAA,74594013705"
"167",167,167,2023-06-16,27.1,18.2,22.7,62.2,0.035,8.33,"rain",86.2,15,7,2023-06-16 05:42:24,2023-06-16 20:35:28,0.95,"Rain, Partially cloudy","Partly cloudy throughout the day with late afternoon rain.","rain","KDCA,72405013743,72403793728,D6279,KADW,KDAA,74594013705"
"168",168,168,2023-06-17,28.7,17.7,23.3,51.7,0,0,NA,47.7,13.2,8,2023-06-17 05:42:29,2023-06-17 20:35:48,0.98,"Partially cloudy","Partly cloudy throughout the day.","partly-cloudy-day","KDCA,72405013743,72403793728,D6279,KADW,KDAA,74594013705"
"169",169,169,2023-06-18,30.5,17.6,24.5,41.4,0,0,NA,28.1,13.2,9,2023-06-18 05:42:35,2023-06-18 20:36:06,0,"Partially cloudy","Partly cloudy throughout the day.","partly-cloudy-day","KIAD,KDCA,72405013743,72403793728,D6279,72403093738,KGAI,KADW,KDAA,72033493764,74594013705"
"170",170,170,2023-06-19,31.5,18.8,25.2,59.9,0.011,4.17,"rain",70.5,11.9,8,2023-06-19 05:42:44,2023-06-19 20:36:23,0.05,"Rain, Partially cloudy","Partly cloudy throughout the day with late afternoon rain.","rain","C6294,KDCA,72405013743,72403793728,D6279,KADW,KDAA,74594013705"
"171",171,171,2023-06-20,27.1,22,24.2,69.2,0.011,4.17,"rain",83.6,13.2,4,2023-06-20 05:42:54,2023-06-20 20:36:38,0.08,"Rain, Partially cloudy","Partly cloudy throughout the day with morning rain.","rain","C6294,KDCA,72405013743,72403793728,D6279,KADW,KDAA,74594013705"
"172",172,172,2023-06-21,22,16.1,18.9,85,10.605,70.83,"rain",97.9,12.9,2,2023-06-21 05:43:06,2023-06-21 20:36:51,0.11,"Rain, Overcast","Cloudy skies throughout the day with rain.","rain","KDCA,72405013743,72403793728,D6279,KADW,KDAA,72033493764,74594013705"
"173",173,173,2023-06-22,19.9,16.1,18.1,91.2,1.278,37.5,"rain",100,10.5,2,2023-06-22 05:43:19,2023-06-22 20:37:02,0.15,"Rain, Overcast","Cloudy skies throughout the day with rain.","rain","KDCA,72405013743,72403793728,D6279,KADW,KDAA,74594013705"
"174",174,174,2023-06-23,26.1,18.7,21.9,91.4,6.159,75,"rain",94.7,11.5,3,2023-06-23 05:43:34,2023-06-23 20:37:12,0.18,"Rain, Overcast","Cloudy skies throughout the day with a chance of rain throughout the day.","rain","KDCA,72405013743,72403793728,D6279,KADW,KDAA,74594013705"
"175",175,175,2023-06-24,31,22.1,25.3,76.7,0.299,8.33,"rain",87.9,15.7,8,2023-06-24 05:43:51,2023-06-24 20:37:20,0.21,"Rain, Partially cloudy","Partly cloudy throughout the day with morning rain.","rain","C6294,KDCA,72405013743,72403793728,D6279,KGAI,KADW,KDAA,72033493764,74594013705"
"176",176,176,2023-06-25,32.8,21.5,27,63.3,0,0,NA,51.9,16,9,2023-06-25 05:44:10,2023-06-25 20:37:26,0.24,"Partially cloudy","Becoming cloudy in the afternoon.","partly-cloudy-day","KIAD,KDCA,72405013743,72403793728,D6279,72403093738,KGAI,KADW,KDAA,72033493764,74594013705"
"177",177,177,2023-06-26,31.1,24.1,27.1,70,0,0,"rain",81.8,15.6,6,2023-06-26 05:44:30,2023-06-26 20:37:30,0.25,"Partially cloudy","Partly cloudy throughout the day.","partly-cloudy-day","KDCA,72405013743,72403793728,D6279,KADW,KDAA,74594013705"
"178",178,178,2023-06-27,28.9,20.5,23.4,75.2,19.155,37.5,"rain",85.4,15.7,7,2023-06-27 05:44:51,2023-06-27 20:37:33,0.31,"Rain, Partially cloudy","Partly cloudy throughout the day with rain.","rain","KIAD,KDCA,72405013743,72403793728,D6279,72403093738,KGAI,KADW,KDAA,72033493764,74594013705"
"179",179,179,2023-06-28,27.7,19.8,23.7,64.8,0,0,NA,67.4,10.7,6,2023-06-28 05:45:14,2023-06-28 20:37:33,0.34,"Partially cloudy","Partly cloudy throughout the day.","partly-cloudy-day","KDCA,72405013743,72403793728,D6279,KADW,KDAA,74594013705"
"180",180,180,2023-06-29,30.4,18.4,24.3,58.3,0,0,NA,22.4,6,8,2023-06-29 05:45:39,2023-06-29 20:37:32,0.38,"Partially cloudy","Partly cloudy throughout the day.","partly-cloudy-day","KDCA,72405013743,72403793728,D6279,KADW,KDAA,74594013705"
"181",181,181,2023-06-30,30.4,21.3,24.5,75.9,10.846,25,"rain",65.3,8.5,6,2023-06-30 05:46:05,2023-06-30 20:37:29,0.41,"Rain, Partially cloudy","Partly cloudy throughout the day with rain.","rain","KDCA,72405013743,72403793728,D6279,KADW,KDAA,74594013705"
"182",182,182,2023-07-01,30.5,22,25.1,79.2,6.291,12.5,"rain",79.2,10.4,4,2023-07-01 05:46:32,2023-07-01 20:37:24,0.44,"Rain, Partially cloudy","Partly cloudy throughout the day with late afternoon rain.","rain","C6294,KDCA,72405013743,72403793728,D6279,KADW,KDAA,74594013705"
"183",183,183,2023-07-02,32,23.2,27,79.8,0.446,4.17,"rain",85,15.1,5,2023-07-02 05:47:01,2023-07-02 20:37:17,0.47,"Rain, Partially cloudy","Partly cloudy throughout the day with early morning rain.","rain","KDCA,72405013743,72403793728,D6279,KADW,KDAA,74594013705"
"184",184,184,2023-07-03,32.2,25.3,27.9,71.3,0.288,8.33,"rain",82.3,16,9,2023-07-03 05:47:31,2023-07-03 20:37:08,0.5,"Rain, Partially cloudy","Partly cloudy throughout the day with late afternoon rain.","rain","KDCA,72405013743,72403793728,D6279,KADW,KDAA,74594013705"
"185",185,185,2023-07-04,32.7,22.7,27.7,69.7,20.227,12.5,"rain",64.8,15.5,10,2023-07-04 05:48:03,2023-07-04 20:36:57,0.54,"Rain, Partially cloudy","Partly cloudy throughout the day with early morning rain.","rain","KDCA,72405013743,72403793728,D6279,KGAI,KADW,KDAA,72033493764,74594013705"
"186",186,186,2023-07-05,33.2,24.1,28.2,67.7,0,0,NA,74.1,15,9,2023-07-05 05:48:35,2023-07-05 20:36:44,0.58,"Partially cloudy","Partly cloudy throughout the day.","partly-cloudy-day","KIAD,KDCA,72405013743,D6279,72403793728,72403093738,KGAI,KADW,KDAA,72033493764,74594013705"
"187",187,187,2023-07-06,32,24.1,27.6,74.6,3.792,8.33,"rain",56.5,15.4,10,2023-07-06 05:49:09,2023-07-06 20:36:30,0.61,"Rain, Partially cloudy","Becoming cloudy in the afternoon with afternoon rain.","rain","KDCA,72405013743,D6279,72403793728,KADW,KDAA,74594013705"
"188",188,188,2023-07-07,30.6,24,26.9,77.8,17.779,12.5,"rain",56.4,15,9,2023-07-07 05:49:45,2023-07-07 20:36:13,0.65,"Rain, Partially cloudy","Becoming cloudy in the afternoon with afternoon rain.","rain","KDCA,72405013743,D6279,72403793728,KADW,KDAA,74594013705"
"189",189,189,2023-07-08,32.6,24.2,27.1,77.2,10.992,8.33,"rain",74,15.4,8,2023-07-08 05:50:21,2023-07-08 20:35:55,0.68,"Rain, Partially cloudy","Partly cloudy throughout the day with rain.","rain","KDCA,72405013743,D6279,72403793728,KADW,KDAA,74594013705"
"190",190,190,2023-07-09,29.3,23,25.3,81.2,3.215,8.33,"rain",81.7,15.6,5,2023-07-09 05:50:58,2023-07-09 20:35:34,0.75,"Rain, Partially cloudy","Partly cloudy throughout the day with afternoon rain.","rain","KDCA,72405013743,D6279,72403793728,KADW,KDAA,74594013705"
"191",191,191,2023-07-10,31.4,21.5,25.9,64.5,0,0,NA,64.9,16,9,2023-07-10 05:51:37,2023-07-10 20:35:12,0.75,"Partially cloudy","Partly cloudy throughout the day.","partly-cloudy-day","KDCA,72405013743,D6279,72403793728,KADW,KDAA,74594013705"
"192",192,192,2023-07-11,32,21.5,27.2,50.6,0,0,NA,36.1,16,10,2023-07-11 05:52:17,2023-07-11 20:34:48,0.79,"Partially cloudy","Partly cloudy throughout the day.","partly-cloudy-day","KDCA,72405013743,D6279,72403793728,KADW,KDAA,74594013705"
"193",193,193,2023-07-12,32.7,22.4,27.9,55.8,0,0,NA,43.7,15.9,9,2023-07-12 05:52:57,2023-07-12 20:34:22,0.82,"Partially cloudy","Becoming cloudy in the afternoon.","partly-cloudy-day","KDCA,72405013743,D6279,72403793728,KADW,KDAA,74594013705"
"194",194,194,2023-07-13,33.8,23.9,29,61.7,0,0,NA,63.9,15.9,10,2023-07-13 05:53:39,2023-07-13 20:33:54,0.86,"Partially cloudy","Partly cloudy throughout the day.","partly-cloudy-day","KDCA,72405013743,D6279,72403793728,KADW,KDAA,74594013705"
"195",195,195,2023-07-14,32.1,22.6,27.1,66.1,31.247,8.33,"rain",76.2,15.8,10,2023-07-14 05:54:21,2023-07-14 20:33:25,0.89,"Rain, Partially cloudy","Partly cloudy throughout the day with late afternoon rain.","rain","KDCA,72405013743,D6279,72403793728,KADW,KDAA,74594013705"
"196",196,196,2023-07-15,31,22.7,26.5,82.3,0.323,12.5,"rain",76.8,15.2,9,2023-07-15 05:55:04,2023-07-15 20:32:53,0.93,"Rain, Partially cloudy","Partly cloudy throughout the day with late afternoon rain.","rain","KDCA,72405013743,D6279,72403793728,KADW,KDAA,74594013705"
"197",197,197,2023-07-16,29.8,24.2,26.5,82,3.587,33.33,"rain",84.8,15.7,8,2023-07-16 05:55:49,2023-07-16 20:32:20,0.96,"Rain, Partially cloudy","Partly cloudy throughout the day with rain.","rain","KDCA,72405013743,D6279,72403793728,KADW,KDAA,74594013705"
"198",198,198,2023-07-17,31.1,23.5,27.6,66.7,0,0,NA,52,11.2,7,2023-07-17 05:56:34,2023-07-17 20:31:44,0,"Partially cloudy","Partly cloudy throughout the day.","partly-cloudy-day","KDCA,72405013743,D6279,72403793728,KADW,KDAA,74594013705"
"199",199,199,2023-07-18,32.1,23.2,27.8,61.3,0,0,NA,51,12.7,8,2023-07-18 05:57:19,2023-07-18 20:31:07,0.03,"Partially cloudy","Clearing in the afternoon.","partly-cloudy-day","KDCA,72405013743,D6279,72403793728,KADW,KDAA,74594013705"
"200",200,200,2023-07-19,30.5,22.7,26.5,74.7,12.244,20.83,"rain",76.7,14.9,9,2023-07-19 05:58:06,2023-07-19 20:30:29,0.06,"Rain, Partially cloudy","Partly cloudy throughout the day with rain clearing later.","rain","KDCA,72405013743,D6279,72403793728,KADW,KDAA,74594013705"
"201",201,201,2023-07-20,31.1,22.8,27.4,67.4,0,0,NA,46.9,14.3,9,2023-07-20 05:58:53,2023-07-20 20:29:48,0.1,"Partially cloudy","Becoming cloudy in the afternoon.","partly-cloudy-day","KIAD,KDCA,72405013743,D6279,72403793728,72403093738,KGAI,KADW,KDAA,72033493764,74594013705"
"202",202,202,2023-07-21,30.5,20.9,26.3,67.5,9.595,16.67,"rain",71,15.4,9,2023-07-21 05:59:41,2023-07-21 20:29:06,0.13,"Rain, Partially cloudy","Partly cloudy throughout the day with rain clearing later.","rain","KDCA,72405013743,D6279,72403793728,KADW,KDAA,72033493764,74594013705"
"203",203,203,2023-07-22,29.8,21.6,25.6,57.3,0,0,NA,64.4,16,8,2023-07-22 06:00:29,2023-07-22 20:28:22,0.16,"Partially cloudy","Partly cloudy throughout the day.","partly-cloudy-day","KDCA,72405013743,D6279,72403793728,KADW,KDAA,74594013705"
"204",204,204,2023-07-23,30.5,20.8,26,63.5,0,0,NA,39,16,9,2023-07-23 06:01:18,2023-07-23 20:27:36,0.2,"Partially cloudy","Partly cloudy throughout the day.","partly-cloudy-day","KDCA,72405013743,D6279,72403793728,KADW,KDAA,74594013705"
"205",205,205,2023-07-24,29.2,22.8,26.1,72.9,1.159,4.17,"rain",71.7,16,8,2023-07-24 06:02:07,2023-07-24 20:26:48,0.23,"Rain, Partially cloudy","Partly cloudy throughout the day with morning rain.","rain","KDCA,72405013743,D6279,72403793728,KADW,KDAA,74594013705"
"206",206,206,2023-07-25,31.5,23,26.4,76.6,0.063,4.17,"rain",79,15.9,9,2023-07-25 06:02:57,2023-07-25 20:25:59,0.25,"Rain, Partially cloudy","Partly cloudy throughout the day with late afternoon rain.","rain","KDCA,72405013743,D6279,72403793728,KGAI,KADW,KDAA,72033493764,74594013705"
"207",207,207,2023-07-26,31.6,20.8,26.3,73.5,0,0,NA,30.6,15.7,9,2023-07-26 06:03:48,2023-07-26 20:25:09,0.3,"Partially cloudy","Partly cloudy throughout the day.","partly-cloudy-day","KDCA,72405013743,D6279,72403793728,KADW,KDAA,74594013705"
"208",208,208,2023-07-27,35.6,25.9,29.3,70.4,0.143,4.17,"rain",66,15.6,8,2023-07-27 06:04:39,2023-07-27 20:24:16,0.33,"Rain, Partially cloudy","Partly cloudy throughout the day with late afternoon rain.","rain","KDCA,72405013743,D6279,72403793728,KADW,KDAA,74594013705"
"209",209,209,2023-07-28,34.9,25.7,29.9,68.4,2.362,12.5,"rain",61.3,15.7,9,2023-07-28 06:05:30,2023-07-28 20:23:22,0.36,"Rain, Partially cloudy","Partly cloudy throughout the day with late afternoon rain.","rain","KDCA,72405013743,D6279,72403793728,KADW,KDAA,74594013705"
"210",210,210,2023-07-29,35.5,23.7,27.6,72.1,12.091,4.17,"rain",73.8,16,9,2023-07-29 06:06:22,2023-07-29 20:22:27,0.4,"Rain, Partially cloudy","Partly cloudy throughout the day with late afternoon rain.","rain","KIAD,KDCA,72405013743,D6279,72403793728,72403093738,KGAI,KADW,KDAA,72033493764,74594013705"
"211",211,211,2023-07-30,29.8,22.5,26.2,56.5,0.005,4.17,"rain",48.6,16,9,2023-07-30 06:07:14,2023-07-30 20:21:30,0.43,"Rain, Partially cloudy","Partly cloudy throughout the day with early morning rain.","rain","KDCA,72405013743,D6279,72403793728,KGAI,KADW,KDAA,72033493764,74594013705"
"212",212,212,2023-07-31,29.3,21.3,25.2,62.7,9.369,8.33,"rain",60.3,15.6,10,2023-07-31 06:08:06,2023-07-31 20:20:31,0.46,"Rain, Partially cloudy","Partly cloudy throughout the day with early morning rain.","rain","KDCA,72405013743,D6279,72403793728,KADW,KDAA,74594013705"
"213",213,213,2023-08-01,27,19.6,23.4,57.8,0,0,NA,45.2,16,6,2023-08-01 06:08:59,2023-08-01 20:19:31,0.5,"Partially cloudy","Partly cloudy throughout the day.","partly-cloudy-day","KDCA,72405013743,D6279,72403793728,KADW,KDAA,74594013705"
"214",214,214,2023-08-02,27.7,19.6,23.7,60.1,0,0,NA,65.2,15.9,8,2023-08-02 06:09:52,2023-08-02 20:18:30,0.53,"Partially cloudy","Partly cloudy throughout the day.","partly-cloudy-day","KDCA,72405013743,D6279,72403793728,KADW,KDAA,72033493764,74594013705"
"215",215,215,2023-08-03,26,19.9,22.3,72.4,1.108,25,"rain",85.1,15,8,2023-08-03 06:10:45,2023-08-03 20:17:27,0.56,"Rain, Partially cloudy","Partly cloudy throughout the day with rain.","rain","KDCA,72405013743,D6279,72403793728,KADW,KDAA,74594013705"
"216",216,216,2023-08-04,27,19.3,22.7,80.8,0.91,25,"rain",84.6,13.7,4,2023-08-04 06:11:38,2023-08-04 20:16:22,0.6,"Rain, Partially cloudy","Partly cloudy throughout the day with rain clearing later.","rain","KDCA,72405013743,D6279,72403793728,KGAI,KADW,KDAA,72033493764,74594013705"
"217",217,217,2023-08-05,30.4,21.8,25.6,73.7,0,0,"rain",61.4,15.8,9,2023-08-05 06:12:32,2023-08-05 20:15:17,0.63,"Partially cloudy","Partly cloudy throughout the day.","partly-cloudy-day","KDCA,72405013743,D6279,72403793728,KADW,KDAA,74594013705"
"218",218,218,2023-08-06,30.5,22.4,25.8,78.6,12.002,20.83,"rain",76.4,14.6,8,2023-08-06 06:13:25,2023-08-06 20:14:10,0.67,"Rain, Partially cloudy","Partly cloudy throughout the day with late afternoon rain.","rain","KDCA,72405013743,D6279,72403793728,KADW,KDAA,74594013705"
"219",219,219,2023-08-07,31.1,22.7,25.5,83.6,9.191,16.67,"rain",88,15.5,9,2023-08-07 06:14:19,2023-08-07 20:13:01,0.7,"Rain, Partially cloudy","Partly cloudy throughout the day with late afternoon rain.","rain","KIAD,KDCA,72405013743,D6279,72403793728,72403093738,KGAI,KADW,KDAA,72033493764,74594013705"
"220",220,220,2023-08-08,29.9,22.1,25.6,62.3,12.568,8.33,"rain",54.2,15.5,7,2023-08-08 06:15:13,2023-08-08 20:11:52,0.75,"Rain, Partially cloudy","Clearing in the afternoon with early morning rain.","rain","KDCA,72405013743,D6279,72403793728,KADW,KDAA,74594013705"
"221",221,221,2023-08-09,29.8,21.4,26,57,0,0,NA,39,16,9,2023-08-09 06:16:07,2023-08-09 20:10:41,0.77,"Partially cloudy","Becoming cloudy in the afternoon.","partly-cloudy-day","KDCA,72405013743,D6279,72403793728,KADW,KDAA,74594013705"
"222",222,222,2023-08-10,28.2,23.1,25.4,75.5,2.554,8.33,"rain",79.4,15.4,6,2023-08-10 06:17:01,2023-08-10 20:09:29,0.8,"Rain, Partially cloudy","Partly cloudy throughout the day with late afternoon rain.","rain","KDCA,72405013743,D6279,72403793728,KADW,KDAA,74594013705"
"223",223,223,2023-08-11,30.4,20.8,26,63.5,0,0,NA,56.1,15.9,7,2023-08-11 06:17:55,2023-08-11 20:08:15,0.84,"Partially cloudy","Partly cloudy throughout the day.","partly-cloudy-day","KDCA,72405013743,D6279,72403793728,KADW,KDAA,74594013705"
"224",224,224,2023-08-12,32.7,23,27.3,70.2,0,0,NA,64.4,16,9,2023-08-12 06:18:50,2023-08-12 20:07:01,0.87,"Partially cloudy","Partly cloudy throughout the day.","partly-cloudy-day","KDCA,72405013743,D6279,72403793728,KADW,KDAA,74594013705"
"225",225,225,2023-08-13,32.8,25.3,28.8,60.4,0,0,NA,68.3,16,9,2023-08-13 06:19:44,2023-08-13 20:05:45,0.91,"Partially cloudy","Partly cloudy throughout the day.","partly-cloudy-day","KDCA,72405013743,D6279,72403793728,KADW,KDAA,74594013705"
"226",226,226,2023-08-14,32.7,23.1,26.8,73.7,11.513,12.5,"rain",80.1,15.4,5,2023-08-14 06:20:38,2023-08-14 20:04:29,0.94,"Rain, Partially cloudy","Partly cloudy throughout the day with rain.","rain","KDCA,72405013743,D6279,72403793728,KADW,KDAA,74594013705"
"227",227,227,2023-08-15,31.2,24.8,26.8,79.8,9.841,20.83,"rain",78.5,15,8,2023-08-15 06:21:32,2023-08-15 20:03:11,0.97,"Rain, Partially cloudy","Partly cloudy throughout the day with rain.","rain","KDCA,72405013743,D6279,72403793728,KADW,KDAA,74594013705"
"228",228,228,2023-08-16,30.5,21.6,26.1,60.1,0.022,4.17,"rain",57.4,16,9,2023-08-16 06:22:27,2023-08-16 20:01:52,0,"Rain, Partially cloudy","Becoming cloudy in the afternoon with early morning rain.","rain","KIAD,KDCA,72405013743,D6279,72403793728,72403093738,KGAI,KADW,KDAA,72033493764,74594013705"
"229",229,229,2023-08-17,31.9,21.9,26.9,70,0,0,NA,59.1,16,9,2023-08-17 06:23:21,2023-08-17 20:00:32,0.04,"Partially cloudy","Partly cloudy throughout the day.","partly-cloudy-day","KIAD,KDCA,72405013743,D6279,72403793728,72403093738,KGAI,KADW,KDAA,72033493764,74594013705"
"230",230,230,2023-08-18,28.8,22.6,25.7,59.8,0.022,4.17,"rain",57.8,15.9,9,2023-08-18 06:24:15,2023-08-18 19:59:11,0.08,"Rain, Partially cloudy","Partly cloudy throughout the day with early morning rain.","rain","KDCA,72405013743,D6279,72403793728,KADW,KDAA,74594013705"
"231",231,231,2023-08-19,28.3,17.4,23,49.8,0,0,NA,14.1,16,9,2023-08-19 06:25:10,2023-08-19 19:57:50,0.11,"Clear","Clear conditions throughout the day.","clear-day","KIAD,KDCA,72405013743,D6279,72403793728,72403093738,KADW,KDAA,72033493764,74594013705"
"232",232,232,2023-08-20,30.6,18.9,24.9,63.9,0,0,NA,19.6,16,8,2023-08-20 06:26:04,2023-08-20 19:56:27,0.15,"Clear","Clear conditions throughout the day.","clear-day","KDCA,72405013743,D6279,72403793728,KADW,KDAA,74594013705"
"233",233,233,2023-08-21,32.7,22.6,27.7,66.5,0,0,NA,76.4,15.9,9,2023-08-21 06:26:58,2023-08-21 19:55:03,0.18,"Partially cloudy","Partly cloudy throughout the day.","partly-cloudy-day","KDCA,72405013743,D6279,72403793728,KADW,KDAA,74594013705"
"234",234,234,2023-08-22,28.7,22.7,25.8,57.4,0,0,NA,68.2,15.7,8,2023-08-22 06:27:52,2023-08-22 19:53:39,0.21,"Partially cloudy","Partly cloudy throughout the day.","partly-cloudy-day","KDCA,72405013743,D6279,72403793728,KGAI,KADW,KDAA,72033493764,74594013705"
"235",235,235,2023-08-23,27.9,17.4,23.2,59.1,0,0,NA,45,16,9,2023-08-23 06:28:46,2023-08-23 19:52:14,0.25,"Partially cloudy","Becoming cloudy in the afternoon.","partly-cloudy-day","KIAD,KDCA,72405013743,D6279,72403793728,72403093738,72406093721,KGAI,KADW,KDAA,72033493764,74594013705"
"236",236,236,2023-08-24,27.1,21.5,24,66,0,0,NA,91.9,16,8,2023-08-24 06:29:40,2023-08-24 19:50:48,0.25,"Overcast","Cloudy skies throughout the day.","cloudy","KDCA,72405013743,D6279,72403793728,KADW,KDAA,72033493764,74594013705"
"237",237,237,2023-08-25,33.3,23.6,27,72.2,11.287,12.5,"rain",81.5,15.7,9,2023-08-25 06:30:34,2023-08-25 19:49:21,0.32,"Rain, Partially cloudy","Partly cloudy throughout the day with late afternoon rain.","rain","KDCA,72405013743,D6279,72403793728,KGAI,KADW,KDAA,72033493764,74594013705"
"238",238,238,2023-08-26,32.7,23.8,28.1,70,0.022,4.17,"rain",55.6,15.9,9,2023-08-26 06:31:28,2023-08-26 19:47:53,0.35,"Rain, Partially cloudy","Partly cloudy throughout the day with early morning rain.","rain","KDCA,72405013743,D6279,72403793728,KADW,KDAA,74594013705"
"239",239,239,2023-08-27,30.9,23.5,27,62.2,0,0,NA,79.2,16,6,2023-08-27 06:32:22,2023-08-27 19:46:25,0.38,"Partially cloudy","Partly cloudy throughout the day.","partly-cloudy-day","KDCA,72405013743,D6279,72403793728,KADW,KDAA,74594013705"
"240",240,240,2023-08-28,25.5,23.1,24.3,80.4,0.284,12.5,"rain",89.5,16,2,2023-08-28 06:33:16,2023-08-28 19:44:56,0.42,"Rain, Partially cloudy","Partly cloudy throughout the day with rain.","rain","KDCA,72405013743,D6279,72403793728,KADW,KDAA,74594013705"
"241",241,241,2023-08-29,27.1,22.7,24.6,83.7,0.128,20.83,"rain",94.9,15,3,2023-08-29 06:34:10,2023-08-29 19:43:27,0.45,"Rain, Overcast","Cloudy skies throughout the day with a chance of rain throughout the day.","rain","KDCA,72405013743,D6279,72403793728,KGAI,KADW,KDAA,72033493764,74594013705"
"242",242,242,2023-08-30,29.9,23.7,26.3,64.2,0,0,"rain",85.4,15.8,7,2023-08-30 06:35:04,2023-08-30 19:41:56,0.5,"Partially cloudy","Partly cloudy throughout the day.","partly-cloudy-day","KDCA,72405013743,D6279,72403793728,KADW,KDAA,74594013705"
"243",243,243,2023-08-31,28,19.2,23.2,50,0,0,NA,52,16,9,2023-08-31 06:35:57,2023-08-31 19:40:26,0.52,"Partially cloudy","Partly cloudy throughout the day.","partly-cloudy-day","KIAD,KDCA,72405013743,D6279,72403793728,72403093738,KGAI,KADW,KDAA,72033493764,74594013705"
"244",244,244,2023-09-01,27,15.8,21.8,51.4,0,0,NA,15.3,16,9,2023-09-01 06:36:51,2023-09-01 19:38:54,0.55,"Clear","Clear conditions throughout the day.","clear-day","KDCA,72405013743,D6279,72403793728,KADW,KDAA,74594013705"
"245",245,245,2023-09-02,29.3,16.7,22.7,65.8,0,0,NA,19.8,16,8,2023-09-02 06:37:45,2023-09-02 19:37:22,0.59,"Clear","Clear conditions throughout the day.","clear-day","KDCA,72405013743,D6279,72403793728,KGAI,KADW,KDAA,72033493764,74594013705"
"246",246,246,2023-09-03,35.9,19.7,27.4,61.3,0,0,NA,25.6,16,8,2023-09-03 06:38:38,2023-09-03 19:35:50,0.62,"Partially cloudy","Partly cloudy throughout the day.","partly-cloudy-day","KDCA,72405013743,D6279,72403793728,KADW,KDAA,74594013705"
"247",247,247,2023-09-04,36.5,23.7,29.8,57.5,0,0,NA,60.6,16,8,2023-09-04 06:39:32,2023-09-04 19:34:17,0.65,"Partially cloudy","Partly cloudy throughout the day.","partly-cloudy-day","KDCA,72405013743,D6279,72403793728,KADW,KDAA,74594013705"
"248",248,248,2023-09-05,36,24.7,30,57.9,0,0,NA,53.5,16,8,2023-09-05 06:40:25,2023-09-05 19:32:44,0.69,"Partially cloudy","Becoming cloudy in the afternoon.","partly-cloudy-day","KIAD,KDCA,72405013743,D6279,72403793728,72403093738,KGAI,KADW,KDAA,72033493764,74594013705"
"249",249,249,2023-09-06,36,23.9,30,60.1,0,0,NA,40.6,16,8,2023-09-06 06:41:18,2023-09-06 19:31:10,0.75,"Partially cloudy","Partly cloudy throughout the day.","partly-cloudy-day","KDCA,72405013743,D6279,72403793728,KADW,KDAA,74594013705"
"250",250,250,2023-09-07,35,25.2,29.1,66.8,0,0,NA,51.8,15.6,9,2023-09-07 06:42:12,2023-09-07 19:29:36,0.75,"Partially cloudy","Partly cloudy throughout the day.","partly-cloudy-day","KIAD,KDCA,72405013743,D6279,72403793728,72403093738,KGAI,KADW,KDAA,72033493764,74594013705"
"251",251,251,2023-09-08,33.3,22.7,27.4,66.7,10.032,20.83,"rain",78.6,15.7,9,2023-09-08 06:43:05,2023-09-08 19:28:01,0.79,"Rain, Partially cloudy","Partly cloudy throughout the day with rain.","rain","KDCA,72405013743,D6279,72403793728,KADW,KDAA,74594013705"
"252",252,252,2023-09-09,29.9,21.1,23.6,82,15.922,41.67,"rain",79,15.2,9,2023-09-09 06:43:59,2023-09-09 19:26:26,0.82,"Rain, Partially cloudy","Partly cloudy throughout the day with rain.","rain","KDCA,72405013743,D6279,72403793728,KADW,KDAA,74594013705"
"253",253,253,2023-09-10,26.6,21.9,23.9,81.4,3.77,50,"rain",87.3,15.6,7,2023-09-10 06:44:52,2023-09-10 19:24:51,0.85,"Rain, Partially cloudy","Partly cloudy throughout the day with a chance of rain throughout the day.","rain","KDCA,72405013743,D6279,72403793728,KADW,KDAA,74594013705"
"254",254,254,2023-09-11,30.9,21.7,25.6,74.2,1.571,33.33,"rain",73.7,15.8,8,2023-09-11 06:45:46,2023-09-11 19:23:16,0.89,"Rain, Partially cloudy","Partly cloudy throughout the day with rain clearing later.","rain","KDCA,72405013743,D6279,72403793728,KGAI,KADW,KDAA,72033493764,74594013705"
"255",255,255,2023-09-12,30.4,21.9,26.1,72.3,0.184,4.17,"rain",65.7,16,8,2023-09-12 06:46:39,2023-09-12 19:21:40,0.92,"Rain, Partially cloudy","Becoming cloudy in the afternoon with afternoon rain.","rain","KDCA,72405013743,D6279,72403793728,KADW,KDAA,74594013705"
"256",256,256,2023-09-13,28.2,21.6,24.7,63.7,0,0,"rain",77.5,16,8,2023-09-13 06:47:32,2023-09-13 19:20:05,0.95,"Partially cloudy","Partly cloudy throughout the day.","partly-cloudy-day","KDCA,72405013743,D6279,72403793728,KGAI,KADW,KDAA,72033493764,74594013705"
"257",257,257,2023-09-14,27,18.7,23,51.7,0.022,4.17,"rain",35.2,16,8,2023-09-14 06:48:26,2023-09-14 19:18:29,0,"Rain, Partially cloudy","Partly cloudy throughout the day with early morning rain.","rain","KDCA,72405013743,D6279,72403793728,KADW,KDAA,74594013705"
"258",258,258,2023-09-15,24.8,14.7,19.9,51.6,0,0,NA,14.2,16,8,2023-09-15 06:49:19,2023-09-15 19:16:52,0.02,"Clear","Clear conditions throughout the day.","clear-day","KDCA,72405013743,D6279,72403793728,KGAI,KADW,KDAA,72033493764,74594013705"
"259",259,259,2023-09-16,27,14.1,20.7,53.9,0,0,NA,12,16,8,2023-09-16 06:50:13,2023-09-16 19:15:16,0.06,"Clear","Clear conditions throughout the day.","clear-day","KIAD,C6294,KDCA,72405013743,D6279,72403793728,72403093738,KGAI,KDAA,KADW,72033493764,74594013705"
"260",260,260,2023-09-17,24.9,16.3,19.9,76.6,0.899,16.67,"rain",72.2,15.9,3,2023-09-17 06:51:07,2023-09-17 19:13:40,0.09,"Rain, Partially cloudy","Partly cloudy throughout the day with rain.","rain","KIAD,KDCA,72405013743,D6279,72403793728,72403093738,KGAI,KADW,KDAA,72033493764,74594013705"
"261",261,261,2023-09-18,25.9,17.1,20.9,67.2,0.528,20.83,"rain",68.3,16,6,2023-09-18 06:52:00,2023-09-18 19:12:03,0.13,"Rain, Partially cloudy","Partly cloudy throughout the day with rain clearing later.","rain","KDCA,72405013743,D6279,72403793728,KADW,KDAA,74594013705"
"262",262,262,2023-09-19,26.1,16.3,20.8,55.1,0,0,NA,27.3,16,8,2023-09-19 06:52:54,2023-09-19 19:10:27,0.16,"Partially cloudy","Becoming cloudy in the afternoon.","partly-cloudy-day","KIAD,KDCA,72405013743,D6279,72403793728,72403093738,KGAI,KADW,KDAA,72033493764,74594013705"
"263",263,263,2023-09-20,26.6,14.6,20.6,57.7,0,0,NA,46.9,16,8,2023-09-20 06:53:48,2023-09-20 19:08:50,0.2,"Partially cloudy","Becoming cloudy in the afternoon.","partly-cloudy-day","KDCA,72405013743,D6279,72403793728,KADW,KDAA,74594013705"
"264",264,264,2023-09-21,26.5,15.7,20.9,63.3,0,0,NA,66.7,16,8,2023-09-21 06:54:42,2023-09-21 19:07:14,0.23,"Partially cloudy","Partly cloudy throughout the day.","partly-cloudy-day","KDCA,72405013743,D6279,72403793728,KADW,KDAA,74594013705"
"265",265,265,2023-09-22,23.1,16.4,19.6,67.7,0.081,8.33,"rain",86.3,16,5,2023-09-22 06:55:36,2023-09-22 19:05:37,0.25,"Rain, Partially cloudy","Partly cloudy throughout the day with late afternoon rain.","rain","KDCA,72405013743,D6279,72403793728,KADW,KDAA,74594013705"
"266",266,266,2023-09-23,17.8,14.9,16.5,89,36.63,95.83,"rain",97.6,8.8,1,2023-09-23 06:56:31,2023-09-23 19:04:01,0.3,"Rain, Overcast","Cloudy skies throughout the day with a chance of rain throughout the day.","rain","KDCA,72405013743,D6279,72403793728,KADW,KDAA,74594013705"
"267",267,267,2023-09-24,20.6,17.7,19,90.4,19.66,75,"rain",99.3,11.6,2,2023-09-24 06:57:25,2023-09-24 19:02:24,0.33,"Rain, Overcast","Cloudy skies throughout the day with a chance of rain throughout the day.","rain","KDCA,72405013743,D6279,72403793728,KADW,KDAA,72033493764,74594013705"
"268",268,268,2023-09-25,21,16.6,18.6,82.5,0.353,12.5,"rain",94.9,15,4,2023-09-25 06:58:20,2023-09-25 19:00:48,0.37,"Rain, Overcast","Cloudy skies throughout the day with late afternoon rain.","rain","KDCA,72405013743,D6279,72403793728,KADW,KDAA,74594013705"
"269",269,269,2023-09-26,16.6,14.9,15.9,90.7,1.094,29.17,"rain",99.7,10.7,1,2023-09-26 06:59:14,2023-09-26 18:59:12,0.4,"Rain, Overcast","Cloudy skies throughout the day with a chance of rain throughout the day.","rain","KDCA,72405013743,D6279,72403793728,72403093738,72406093721,KADW,KDAA,72033493764,74594013705"
"270",270,270,2023-09-27,21.5,14.9,17.1,71,0,0,NA,73.8,16,8,2023-09-27 07:00:09,2023-09-27 18:57:36,0.44,"Partially cloudy","Partly cloudy throughout the day.","partly-cloudy-day","KIAD,KDCA,72405013743,D6279,72403793728,72403093738,KGAI,KADW,KDAA,72033493764,74594013705"
"271",271,271,2023-09-28,20.9,12.7,16.8,77.5,0,0,"rain",83.8,15.8,4,2023-09-28 07:01:04,2023-09-28 18:56:01,0.47,"Partially cloudy","Partly cloudy throughout the day.","partly-cloudy-day","KDCA,72405013743,D6279,72403793728,KADW,KDAA,74594013705"
"272",272,272,2023-09-29,21,16.6,18.6,82.6,0,0,"rain",99.9,14.4,2,2023-09-29 07:02:00,2023-09-29 18:54:25,0.5,"Overcast","Cloudy skies throughout the day.","cloudy","KDCA,72405013743,D6279,72403793728,KGAI,KADW,KDAA,72033493764,74594013705"
"273",273,273,2023-09-30,24.2,18.2,20.4,76.2,0,0,"rain",92.3,16,5,2023-09-30 07:02:55,2023-09-30 18:52:50,0.54,"Overcast","Cloudy skies throughout the day.","cloudy","KIAD,KDCA,72405013743,D6279,72403793728,72403093738,KGAI,KADW,KDAA,72033493764,74594013705"
"274",274,274,2023-10-01,27.7,16.5,21.7,67.9,0,0,NA,18.1,16,8,2023-10-01 07:03:51,2023-10-01 18:51:16,0.57,"Clear","Clear conditions throughout the day.","clear-day","KDCA,72405013743,D6279,72403793728,KADW,KDAA,74594013705"
"275",275,275,2023-10-02,28.6,17,22.4,67.7,0,0,NA,21.4,15.9,7,2023-10-02 07:04:47,2023-10-02 18:49:41,0.61,"Partially cloudy","Becoming cloudy in the afternoon.","partly-cloudy-day","KDCA,72405013743,D6279,72403793728,KADW,KDAA,74594013705"
"276",276,276,2023-10-03,29.1,17.9,23,71.2,0,0,"rain",31.7,15.7,7,2023-10-03 07:05:43,2023-10-03 18:48:07,0.64,"Partially cloudy","Partly cloudy throughout the day.","partly-cloudy-day","KIAD,KDCA,72405013743,D6279,72403793728,72403093738,KGAI,KADW,KDAA,72033493764,74594013705"
"277",277,277,2023-10-04,27.7,17.5,21.8,72.8,0,0,NA,21.1,14.9,7,2023-10-04 07:06:39,2023-10-04 18:46:34,0.67,"Partially cloudy","Partly cloudy throughout the day.","partly-cloudy-day","KDCA,72405013743,D6279,72403793728,KADW,KDAA,74594013705"
"278",278,278,2023-10-05,26,16.2,20.7,77.3,0,0,"rain",59.2,15.7,5,2023-10-05 07:07:36,2023-10-05 18:45:00,0.7,"Partially cloudy","Partly cloudy throughout the day.","partly-cloudy-day","KDCA,72405013743,D6279,72403793728,KADW,KDAA,74594013705"
"279",279,279,2023-10-06,25.5,20.4,22.3,82.9,0,0,"rain",85.1,15.7,5,2023-10-06 07:08:33,2023-10-06 18:43:28,0.75,"Partially cloudy","Partly cloudy throughout the day.","partly-cloudy-day","KDCA,72405013743,D6279,72403793728,KGAI,KADW,KDAA,72033493764,74594013705"
"280",280,280,2023-10-07,21.4,12.8,17.8,67.4,2.089,25,"rain",55,15.5,6,2023-10-07 07:09:30,2023-10-07 18:41:56,0.77,"Rain, Partially cloudy","Partly cloudy throughout the day with rain in the morning and afternoon.","rain","KDCA,72405013743,D6279,72403793728,KADW,KDAA,74594013705"
"281",281,281,2023-10-08,17.7,8.2,12.9,51.1,0,0,NA,42.8,16,8,2023-10-08 07:10:28,2023-10-08 18:40:24,0.8,"Partially cloudy","Partly cloudy throughout the day.","partly-cloudy-day","KDCA,72405013743,D6279,72403793728,KADW,KDAA,74594013705"
"282",282,282,2023-10-09,17.7,7.5,12.8,57.7,0,0,"rain",72.1,16,6,2023-10-09 07:11:26,2023-10-09 18:38:53,0.83,"Partially cloudy","Partly cloudy throughout the day.","partly-cloudy-day","KDCA,72405013743,D6279,72403793728,KADW,KDAA,74594013705"
"283",283,283,2023-10-10,20.6,9.1,15,67.3,0,0,NA,64.6,16,7,2023-10-10 07:12:24,2023-10-10 18:37:22,0.87,"Partially cloudy","Partly cloudy throughout the day.","partly-cloudy-day","KIAD,KDCA,72405013743,D6279,72403793728,72403093738,KGAI,KADW,KDAA,72033493764,74594013705"
"284",284,284,2023-10-11,22.1,10.4,16.1,59.7,0,0,NA,47.3,16,7,2023-10-11 07:13:22,2023-10-11 18:35:52,0.9,"Partially cloudy","Partly cloudy throughout the day.","partly-cloudy-day","KDCA,72405013743,D6279,72403793728,KGAI,KADW,KDAA,72033493764,74594013705"
"285",285,285,2023-10-12,23.3,10.8,17.2,59.3,0,0,NA,36.2,15.8,7,2023-10-12 07:14:21,2023-10-12 18:34:23,0.93,"Partially cloudy","Clearing in the afternoon.","partly-cloudy-day","KDCA,72405013743,D6279,72403793728,KADW,KDAA,74594013705"
"286",286,286,2023-10-13,22,12.9,17,62.2,0,0,NA,37.7,16,7,2023-10-13 07:15:20,2023-10-13 18:32:54,0.96,"Partially cloudy","Partly cloudy throughout the day.","partly-cloudy-day","KDCA,72405013743,D6279,72403793728,KADW,KDAA,74594013705"
"287",287,287,2023-10-14,16.6,13.7,15.2,85.1,11.897,62.5,"rain",98,12.8,1,2023-10-14 07:16:19,2023-10-14 18:31:27,0,"Rain, Overcast","Cloudy skies throughout the day with rain.","rain","KDCA,72405013743,D6279,72403793728,KADW,KDAA,74594013705"
"288",288,288,2023-10-15,16.5,10.5,13,67.8,1.091,20.83,"rain",69.3,15.3,5,2023-10-15 07:17:19,2023-10-15 18:30:00,0.03,"Rain, Partially cloudy","Partly cloudy throughout the day with early morning rain.","rain","KDCA,72405013743,D6279,72403793728,KGAI,KADW,KDAA,72033493764,74594013705"
"289",289,289,2023-10-16,17.6,8.5,12.5,65,0,0,NA,54.6,16,6,2023-10-16 07:18:19,2023-10-16 18:28:33,0.07,"Partially cloudy","Becoming cloudy in the afternoon.","partly-cloudy-day","KDCA,72405013743,D6279,72403793728,KADW,KDAA,74594013705"
"290",290,290,2023-10-17,17.1,10.6,13.5,69.7,0,0,NA,76.9,16,3,2023-10-17 07:19:20,2023-10-17 18:27:08,0.1,"Partially cloudy","Partly cloudy throughout the day.","partly-cloudy-day","KIAD,KDCA,72405013743,D6279,72403793728,72403093738,KGAI,KADW,KDAA,72033493764,74594013705"
"291",291,291,2023-10-18,18.2,9,13.6,65.1,0,0,NA,70.6,16,6,2023-10-18 07:20:20,2023-10-18 18:25:43,0.14,"Partially cloudy","Becoming cloudy in the afternoon.","partly-cloudy-day","KDCA,72405013743,D6279,72403793728,KADW,KDAA,72033493764,74594013705"
"292",292,292,2023-10-19,21.1,9.5,14.8,73,0,0,NA,49.4,16,7,2023-10-19 07:21:21,2023-10-19 18:24:20,0.17,"Partially cloudy","Becoming cloudy in the afternoon.","partly-cloudy-day","KDCA,72405013743,D6279,72403793728,KADW,KDAA,74594013705"
"293",293,293,2023-10-20,18.9,13.6,15.9,80.3,1.137,29.17,"rain",92.3,15.8,2,2023-10-20 07:22:23,2023-10-20 18:22:57,0.21,"Rain, Overcast","Cloudy skies throughout the day with rain.","rain","KDCA,72405013743,D6279,72403793728,KADW,KDAA,74594013705"
"294",294,294,2023-10-21,19.2,13.2,15.4,62.3,0.022,4.17,"rain",77,15.9,7,2023-10-21 07:23:25,2023-10-21 18:21:35,0.25,"Rain, Partially cloudy","Partly cloudy throughout the day with early morning rain.","rain","KDCA,72405013743,D6279,72403793728,KADW,KDAA,74594013705"
"295",295,295,2023-10-22,18.1,9.6,13.8,54.7,0,0,"rain",53.5,16,7,2023-10-22 07:24:27,2023-10-22 18:20:14,0.28,"Partially cloudy","Partly cloudy throughout the day.","partly-cloudy-day","KDCA,72405013743,D6279,72403793728,KADW,KDAA,74594013705"
"296",296,296,2023-10-23,18.2,7,12.1,50.9,0,0,NA,1,16,7,2023-10-23 07:25:29,2023-10-23 18:18:55,0.32,"Clear","Clear conditions throughout the day.","clear-day","KDCA,72405013743,D6279,72403793728,KADW,KDAA,74594013705"
"297",297,297,2023-10-24,21.1,6.3,13,66,0,0,NA,11,16,6,2023-10-24 07:26:32,2023-10-24 18:17:36,0.35,"Clear","Clear conditions throughout the day.","clear-day","KDCA,72405013743,D6279,72403793728,KADW,KDAA,72033493764,74594013705"
"298",298,298,2023-10-25,25,9.8,16.3,59.6,0,0,NA,40.8,16,6,2023-10-25 07:27:35,2023-10-25 18:16:18,0.39,"Partially cloudy","Partly cloudy throughout the day.","partly-cloudy-day","KIAD,KDCA,72405013743,D6279,72403793728,72403093738,KGAI,KADW,KDAA,72033493764,74594013705"
"299",299,299,2023-10-26,25.1,13.5,18.4,63.7,0,0,NA,58.5,16,6,2023-10-26 07:28:39,2023-10-26 18:15:02,0.42,"Partially cloudy","Becoming cloudy in the afternoon.","partly-cloudy-day","KDCA,72405013743,D6279,72403793728,KGAI,KADW,KDAA,72033493764,74594013705"
"300",300,300,2023-10-27,27.6,16.5,20.3,72.7,0,0,NA,66.5,16,6,2023-10-27 07:29:43,2023-10-27 18:13:47,0.46,"Partially cloudy","Partly cloudy throughout the day.","partly-cloudy-day","KIAD,KDCA,72405013743,D6279,72403793728,72403093738,KGAI,KADW,KDAA,72033493764,74594013705"
"301",301,301,2023-10-28,29.8,15.9,21.7,70.6,0,0,NA,50.1,16,6,2023-10-28 07:30:47,2023-10-28 18:12:33,0.5,"Partially cloudy","Becoming cloudy in the afternoon.","partly-cloudy-day","KDCA,72405013743,D6279,72403793728,KADW,KDAA,74594013705"
"302",302,302,2023-10-29,25,17.9,20.7,77.4,0.989,8.33,"rain",90.2,15.8,4,2023-10-29 07:31:51,2023-10-29 18:11:20,0.53,"Rain, Overcast","Cloudy skies throughout the day with late afternoon rain.","rain","KDCA,72405013743,D6279,72403793728,KGAI,KADW,KDAA,72033493764,74594013705"
"303",303,303,2023-10-30,26.2,12.7,17.1,75.9,0.889,12.5,"rain",79.8,16,6,2023-10-30 07:32:56,2023-10-30 18:10:08,0.56,"Rain, Partially cloudy","Partly cloudy throughout the day with late afternoon rain.","rain","KDCA,72405013743,D6279,72403793728,KADW,KDAA,74594013705"
"304",304,304,2023-10-31,12.1,6.8,10.3,50.9,0.016,4.17,"rain",79.2,16,6,2023-10-31 07:34:01,2023-10-31 18:08:58,0.59,"Rain, Partially cloudy","Partly cloudy throughout the day with early morning rain.","rain","KDCA,72405013743,D6279,72403793728,KADW,KDAA,74594013705"
"305",305,305,2023-11-01,9.9,4.2,6.8,50.1,0,0,NA,42.1,16,6,2023-11-01 07:35:06,2023-11-01 18:07:49,0.62,"Partially cloudy","Clearing in the afternoon.","partly-cloudy-day","KDCA,72405013743,D6279,72403793728,KADW,KDAA,74594013705"
"306",306,306,2023-11-02,11.1,0.9,6.4,47.7,0,0,NA,20.5,16,6,2023-11-02 07:36:12,2023-11-02 18:06:42,0.65,"Partially cloudy","Partly cloudy throughout the day.","partly-cloudy-day","KDCA,72405013743,D6279,72403793728,KADW,KDAA,74594013705"
"307",307,307,2023-11-03,15.6,3,8.9,59.7,0,0,NA,12.2,16,6,2023-11-03 07:37:18,2023-11-03 18:05:36,0.69,"Clear","Clear conditions throughout the day.","clear-day","KDCA,72405013743,D6279,72403793728,KADW,KDAA,74594013705"
"308",308,308,2023-11-04,20.6,4.5,11.9,59.1,0,0,NA,54.2,16,6,2023-11-04 07:38:23,2023-11-04 18:04:31,0.72,"Partially cloudy","Becoming cloudy in the afternoon.","partly-cloudy-day","KDCA,72405013743,D6279,72403793728,KADW,KDAA,74594013705"
"309",309,309,2023-11-05,22.1,6.3,13.5,57.4,0,0,NA,32.4,15.9,6,2023-11-05 06:39:30,2023-11-05 17:03:28,0.75,"Partially cloudy","Partly cloudy throughout the day.","partly-cloudy-day","KDCA,72405013743,D6279,72403793728,KADW,KDAA,74594013705"
"310",310,310,2023-11-06,18.3,8.4,13.2,63,0,0,NA,71.5,16,5,2023-11-06 06:40:36,2023-11-06 17:02:26,0.78,"Partially cloudy","Partly cloudy throughout the day.","partly-cloudy-day","KIAD,KDCA,72405013743,D6279,72403793728,72403093738,KGAI,KADW,KDAA,72033493764,74594013705"
"311",311,311,2023-11-07,22.5,13.1,17.5,57.1,0,0,NA,75.4,15.9,3,2023-11-07 06:41:43,2023-11-07 17:01:26,0.82,"Partially cloudy","Partly cloudy throughout the day.","partly-cloudy-day","KDCA,72405013743,D6279,72403793728,KADW,KDAA,74594013705"
"312",312,312,2023-11-08,18.7,9.1,13.3,55.5,0,0,NA,41.8,16,6,2023-11-08 06:42:49,2023-11-08 17:00:28,0.85,"Partially cloudy","Partly cloudy throughout the day.","partly-cloudy-day","KDCA,72405013743,D6279,72403793728,KADW,KDAA,74594013705"
"313",313,313,2023-11-09,23.2,9.7,15.8,70.9,0.083,8.33,"rain",64.7,15.6,5,2023-11-09 06:43:56,2023-11-09 16:59:31,0.88,"Rain, Partially cloudy","Partly cloudy throughout the day with rain.","rain","KDCA,72405013743,D6279,72403793728,KGAI,KADW,KDAA,72033493764,74594013705"
"314",314,314,2023-11-10,14.3,5.8,9.7,73.5,3.979,25,"rain",81.1,15.3,1,2023-11-10 06:45:03,2023-11-10 16:58:36,0.91,"Rain, Partially cloudy","Partly cloudy throughout the day with rain in the morning and afternoon.","rain","KDCA,72405013743,D6279,72403793728,KADW,KDAA,74594013705"
"315",315,315,2023-11-11,15.5,3.5,8.9,70.5,0,0,NA,38.2,15.8,6,2023-11-11 06:46:10,2023-11-11 16:57:42,0.95,"Partially cloudy","Clearing in the afternoon.","partly-cloudy-day","KIAD,KDCA,72405013743,D6279,72403793728,72403093738,KGAI,KADW,KDAA,72033493764,74594013705"
"316",316,316,2023-11-12,11.5,4.8,7.4,63.7,0,0,NA,53.5,16,5,2023-11-12 06:47:16,2023-11-12 16:56:51,0.98,"Partially cloudy","Partly cloudy throughout the day.","partly-cloudy-day","KDCA,72405013743,D6279,KGAI,KADW,72033493764,74594013705"
"317",317,317,2023-11-13,12.8,1.8,7.2,67.8,0,0,NA,17.9,16,5,2023-11-13 06:48:23,2023-11-13 16:56:01,0,"Clear","Clear conditions throughout the day.","clear-day","KIAD,KDCA,72405013743,D6279,72403793728,72403093738,KGAI,KADW,KDAA,72033493764,74594013705"
"318",318,318,2023-11-14,16,4.8,10.3,53.3,0,0,NA,22.3,16,6,2023-11-14 06:49:30,2023-11-14 16:55:12,0.05,"Partially cloudy","Partly cloudy throughout the day.","partly-cloudy-day","KIAD,KDCA,72405013743,D6279,72403793728,72403093738,KGAI,KADW,KDAA,72033493764,74594013705"
"319",319,319,2023-11-15,15,3.9,9.5,64.7,0,0,NA,84.4,16,4,2023-11-15 06:50:37,2023-11-15 16:54:26,0.08,"Partially cloudy","Partly cloudy throughout the day.","partly-cloudy-day","KIAD,KDCA,72405013743,D6279,72403093738,72403793728,KGAI,KADW,KDAA,72033493764,74594013705"
"320",320,320,2023-11-16,20.7,4.9,12.2,56.5,0,0,NA,40.6,16,5,2023-11-16 06:51:43,2023-11-16 16:53:41,0.12,"Partially cloudy","Partly cloudy throughout the day.","partly-cloudy-day","KIAD,KDCA,72405013743,D6279,72403793728,72403093738,KGAI,KADW,KDAA,72033493764,74594013705"
"321",321,321,2023-11-17,21.1,8.1,14.4,73.2,0.145,4.17,"rain",66.8,15.8,4,2023-11-17 06:52:50,2023-11-17 16:52:59,0.15,"Rain, Partially cloudy","Partly cloudy throughout the day with late afternoon rain.","rain","KIAD,KDCA,72405013743,D6279,72403793728,72403093738,KGAI,KADW,KDAA,72033493764,74594013705"
"322",322,322,2023-11-18,15.6,8.2,12.8,62.4,0.467,12.5,"rain",38.1,15.9,5,2023-11-18 06:53:56,2023-11-18 16:52:18,0.19,"Rain, Partially cloudy","Clearing in the afternoon with early morning rain.","rain","KDCA,72405013743,D6279,72403093738,KGAI,KADW,72033493764,74594013705"
"323",323,323,2023-11-19,16,3.9,9.8,46.5,0,0,NA,1,16,5,2023-11-19 06:55:02,2023-11-19 16:51:39,0.23,"Clear","Clear conditions throughout the day.","clear-day","KDCA,72405013743,D6279,KGAI,KADW,72033493764,74594013705"
"324",324,324,2023-11-20,10.5,4.1,7.1,55.1,0,0,NA,56.1,16,3,2023-11-20 06:56:08,2023-11-20 16:51:02,0.25,"Partially cloudy","Partly cloudy throughout the day.","partly-cloudy-day","KDCA,72405013743,D6279,72403793728,72403093738,KGAI,KADW,KDAA,72033493764,74594013705"
"325",325,325,2023-11-21,15,4.1,9,80.2,46.04,62.5,"rain",97.6,10.9,0,2023-11-21 06:57:13,2023-11-21 16:50:27,0.3,"Rain, Overcast","Cloudy skies throughout the day with rain.","rain","KDCA,72405013743,D6279,72403793728,KADW,KDAA,74594013705"
"326",326,326,2023-11-22,16,9.3,12,73.1,5.424,12.5,"rain",78.6,15.2,6,2023-11-22 06:58:18,2023-11-22 16:49:54,0.33,"Rain, Partially cloudy","Partly cloudy throughout the day with early morning rain.","rain","KDCA,72405013743,D6279,72403793728,KADW,KDAA,74594013705"
"327",327,327,2023-11-23,14.3,6.8,10.1,54.4,0,0,NA,14.6,16,5,2023-11-23 06:59:22,2023-11-23 16:49:23,0.37,"Clear","Clear conditions throughout the day.","clear-day","KDCA,72405013743,D6279,72403793728,KADW,KDAA,74594013705"
"328",328,328,2023-11-24,13.2,4.6,8.6,56.9,0,0,"rain",60.5,16,5,2023-11-24 07:00:26,2023-11-24 16:48:54,0.4,"Partially cloudy","Partly cloudy throughout the day.","partly-cloudy-day","KDCA,72405013743,D6279,72403793728,KADW,KDAA,74594013705"
"329",329,329,2023-11-25,6.6,0.9,3.7,49.4,0,0,"snow",51.6,16,5,2023-11-25 07:01:30,2023-11-25 16:48:27,0.44,"Partially cloudy","Clearing in the afternoon.","partly-cloudy-day","KDCA,72405013743,D6279,72403793728,KADW,KDAA,74594013705"
"330",330,330,2023-11-26,8.3,1.8,5.3,79.7,3.495,33.33,"rain,freezingrain",92.3,12.5,2,2023-11-26 07:02:33,2023-11-26 16:48:02,0.48,"Rain, Freezing Drizzle/Freezing Rain, Overcast","Cloudy skies throughout the day with rain.","rain","KDCA,72405013743,D6279,72403793728,KADW,KDAA,72033493764,74594013705"
"331",331,331,2023-11-27,9.9,2.7,6.1,62,0.092,4.17,"rain",27.6,15.9,5,2023-11-27 07:03:35,2023-11-27 16:47:39,0.5,"Rain, Partially cloudy","Partly cloudy throughout the day with morning rain.","rain","KDCA,72405013743,D6279,72403793728,KADW,KDAA,74594013705"
"332",332,332,2023-11-28,5.6,-1.7,2.1,42.2,0.022,4.17,"rain,snow",55.9,16,4,2023-11-28 07:04:37,2023-11-28 16:47:19,0.54,"Snow, Rain, Partially cloudy","Partly cloudy throughout the day with afternoon rain or snow.","rain","KDCA,72405013743,D6279,72403793728,KADW,KDAA,74594013705"
"333",333,333,2023-11-29,4.4,-3.5,0.5,41.8,0,0,NA,56.4,16,5,2023-11-29 07:05:38,2023-11-29 16:47:00,0.57,"Partially cloudy","Becoming cloudy in the afternoon.","partly-cloudy-day","KDCA,72405013743,D6279,72403793728,KGAI,KADW,KDAA,72033493764,74594013705"
"334",334,334,2023-11-30,12.3,-0.2,5.6,51.4,0,0,NA,56.3,16,5,2023-11-30 07:06:38,2023-11-30 16:46:44,0.61,"Partially cloudy","Partly cloudy throughout the day.","partly-cloudy-day","KDCA,72405013743,D6279,72403793728,KADW,KDAA,74594013705"
"335",335,335,2023-12-01,10.6,4.1,7.5,73.4,3.121,25,"rain",78.6,14,1,2023-12-01 07:07:37,2023-12-01 16:46:30,0.64,"Rain, Partially cloudy","Partly cloudy throughout the day with rain.","rain","KDCA,72405013743,D6279,72403793728,KADW,KDAA,74594013705"
"336",336,336,2023-12-02,11.8,7.9,9.8,93.3,0.544,8.33,"rain",95.3,6,2,2023-12-02 07:08:36,2023-12-02 16:46:18,0.67,"Rain, Overcast","Cloudy skies throughout the day with late afternoon rain.","rain","KDCA,72405013743,D6279,72403793728,KADW,KDAA,74594013705"
"337",337,337,2023-12-03,13.4,10,11.6,95.4,20.571,37.5,"rain",96.1,6.4,1,2023-12-03 07:09:33,2023-12-03 16:46:08,0.7,"Rain, Overcast","Cloudy skies throughout the day with rain clearing later.","rain","KDCA,72405013743,D6279,72403793728,KADW,KDAA,74594013705"
"338",338,338,2023-12-04,13.2,5.9,9.9,58.8,0,0,NA,79.7,15.8,3,2023-12-04 07:10:30,2023-12-04 16:46:00,0.73,"Partially cloudy","Partly cloudy throughout the day.","partly-cloudy-day","KDCA,72405013743,D6279,72403793728,KGAI,KADW,KDAA,72033493764,74594013705"
"339",339,339,2023-12-05,10,4.8,7.2,57.3,0,0,NA,74.6,16,5,2023-12-05 07:11:25,2023-12-05 16:45:55,0.75,"Partially cloudy","Partly cloudy throughout the day.","partly-cloudy-day","KDCA,72405013743,D6279,72403793728,KADW,KDAA,74594013705"
"340",340,340,2023-12-06,7.1,3.3,5.6,60.6,0,0,"rain",81.6,16,2,2023-12-06 07:12:20,2023-12-06 16:45:51,0.8,"Partially cloudy","Partly cloudy throughout the day.","partly-cloudy-day","KDCA,72405013743,D6279,72403793728,KGAI,KADW,KDAA,72033493764,74594013705"
"341",341,341,2023-12-07,7.9,1.5,4.9,56.9,0,0,NA,79.2,16,2,2023-12-07 07:13:13,2023-12-07 16:45:50,0.83,"Partially cloudy","Partly cloudy throughout the day.","partly-cloudy-day","KDCA,72405013743,D6279,72403793728,KADW,KDAA,74594013705"
"342",342,342,2023-12-08,14.3,3,7.7,65.1,0,0,NA,60.5,15.9,5,2023-12-08 07:14:05,2023-12-08 16:45:51,0.86,"Partially cloudy","Partly cloudy throughout the day.","partly-cloudy-day","KDCA,72405013743,D6279,72403793728,KADW,KDAA,74594013705"
"343",343,343,2023-12-09,13.5,3,8.2,72.9,0,0,"rain,freezingrain",54.6,15.8,5,2023-12-09 07:14:56,2023-12-09 16:45:54,0.9,"Partially cloudy","Becoming cloudy in the afternoon.","partly-cloudy-day","KDCA,72405013743,D6279,72403793728,KADW,KDAA,74594013705"
"344",344,344,2023-12-10,17.2,7.2,13.3,89,26.665,54.17,"rain",95,11.8,1,2023-12-10 07:15:45,2023-12-10 16:46:00,0.93,"Rain, Overcast","Cloudy skies throughout the day with rain.","rain","KDCA,72405013743,D6279,72403793728,72403093738,KGAI,KADW,KDAA,72033493764,74594013705"
"345",345,345,2023-12-11,9.2,1.6,4.8,66.2,14.358,41.67,"rain",56.4,14.5,5,2023-12-11 07:16:33,2023-12-11 16:46:07,0.96,"Rain, Partially cloudy","Partly cloudy throughout the day with rain or snow clearing later.","snow","KIAD,KDCA,72405013743,D6279,72403793728,72403093738,KGAI,KADW,KDAA,72033493764,74594013705"
"346",346,346,2023-12-12,8.4,-0.8,3.8,60.2,0,0,NA,25.1,16,5,2023-12-12 07:17:20,2023-12-12 16:46:17,0,"Partially cloudy","Partly cloudy throughout the day.","partly-cloudy-day","KIAD,KDCA,72405013743,D6279,72403793728,72403093738,KGAI,KADW,KDAA,72033493764,74594013705"
"347",347,347,2023-12-13,11,0.9,5.4,51.2,0,0,NA,41.6,16,5,2023-12-13 07:18:05,2023-12-13 16:46:29,0.03,"Partially cloudy","Partly cloudy throughout the day.","partly-cloudy-day","KDCA,72405013743,D6279,72403793728,KGAI,KADW,KDAA,72033493764,74594013705"
"348",348,348,2023-12-14,9.2,-1.4,3.8,46.8,0,0,NA,17.4,16,5,2023-12-14 07:18:49,2023-12-14 16:46:43,0.06,"Clear","Clear conditions throughout the day.","clear-day","KDCA,72405013743,D6279,72403793728,KADW,KDAA,74594013705"
"349",349,349,2023-12-15,16.1,0.8,7.2,51.9,0,0,NA,12.2,16,5,2023-12-15 07:19:31,2023-12-15 16:46:59,0.1,"Clear","Clear conditions throughout the day.","clear-day","KDCA,72405013743,D6279,72403793728,KADW,KDAA,74594013705"
"350",350,350,2023-12-16,14.9,2.6,7.7,63.7,0,0,NA,62.9,16,4,2023-12-16 07:20:11,2023-12-16 16:47:17,0.13,"Partially cloudy","Partly cloudy throughout the day.","partly-cloudy-day","KIAD,KDCA,72405013743,D6279,72403793728,72403093738,KGAI,KADW,KDAA,72033493764,74594013705"
"351",351,351,2023-12-17,12.9,5.5,9.6,91.6,39.569,33.33,"rain",98.5,7.7,1,2023-12-17 07:20:50,2023-12-17 16:47:38,0.17,"Rain, Overcast","Cloudy skies throughout the day with rain.","rain","KDCA,72405013743,D6279,72403793728,KADW,KDAA,72033493764,74594013705"
"352",352,352,2023-12-18,13.3,4.9,10.5,61.3,20.688,33.33,"rain",88.3,14,5,2023-12-18 07:21:27,2023-12-18 16:48:00,0.2,"Rain, Partially cloudy","Partly cloudy throughout the day with rain clearing later.","rain","KDCA,72405013743,D6279,72403793728,KDAA,KADW,74594013705"
"353",353,353,2023-12-19,5.6,0.5,3.7,47.9,0,0,NA,44.3,16,3,2023-12-19 07:22:03,2023-12-19 16:48:24,0.25,"Partially cloudy","Partly cloudy throughout the day.","partly-cloudy-day","KIAD,KDCA,72405013743,D6279,72403793728,72403093738,KGAI,KADW,KDAA,72033493764,74594013705"
"354",354,354,2023-12-20,8.8,-1.8,3,50,0,0,NA,27.6,16,5,2023-12-20 07:22:36,2023-12-20 16:48:51,0.28,"Partially cloudy","Partly cloudy throughout the day.","partly-cloudy-day","KDCA,72405013743,D6279,72403793728,KADW,KDAA,74594013705"
"355",355,355,2023-12-21,8.8,-0.1,4.6,56.2,0,0,NA,77.5,16,3,2023-12-21 07:23:08,2023-12-21 16:49:19,0.31,"Partially cloudy","Partly cloudy throughout the day.","partly-cloudy-day","KDCA,72405013743,D6279,72403793728,KADW,KDAA,74594013705"
"356",356,356,2023-12-22,9.4,2.1,5.6,64.3,0,0,"freezingrain",80.2,15.9,4,2023-12-22 07:23:38,2023-12-22 16:49:49,0.35,"Partially cloudy","Partly cloudy throughout the day.","partly-cloudy-day","KDCA,72405013743,D6279,72403793728,KADW,KDAA,74594013705"
"357",357,357,2023-12-23,9.4,2.6,6.2,77.3,0,0,"rain,freezingrain",89.6,16,2,2023-12-23 07:24:06,2023-12-23 16:50:21,0.38,"Partially cloudy","Partly cloudy throughout the day.","partly-cloudy-day","KDCA,72405013743,D6279,72403793728,KADW,KDAA,74594013705"
"358",358,358,2023-12-24,10.1,5.4,7.4,82.3,0.303,12.5,"rain",89,15.8,2,2023-12-24 07:24:32,2023-12-24 16:50:55,0.42,"Rain, Partially cloudy","Partly cloudy throughout the day with morning rain.","rain","KDCA,72405013743,D6279,72403793728,KADW,KDAA,74594013705"
"359",359,359,2023-12-25,16,4.8,9,74.8,0,0,NA,76.4,14.8,4,2023-12-25 07:24:57,2023-12-25 16:51:31,0.45,"Partially cloudy","Partly cloudy throughout the day.","partly-cloudy-day","KDCA,72405013743,D6279,72403793728,KADW,KDAA,74594013705"
"360",360,360,2023-12-26,9.4,7.1,8.2,92.2,2.486,45.83,"rain",99.8,11,1,2023-12-26 07:25:19,2023-12-26 16:52:09,0.5,"Rain, Overcast","Cloudy skies throughout the day with a chance of rain throughout the day.","rain","KDCA,72405013743,D6279,72403793728,KADW,KDAA,72033493764,74594013705"
"361",361,361,2023-12-27,13.4,8.3,10.2,94.1,26.626,87.5,"rain",99.8,10.6,1,2023-12-27 07:25:39,2023-12-27 16:52:48,0.52,"Rain, Overcast","Cloudy skies throughout the day with a chance of rain throughout the day.","rain","KDCA,72405013743,D6279,72403793728,KADW,KDAA,74594013705"
"362",362,362,2023-12-28,13.8,10.6,11.8,86.8,1.043,25,"rain",97.1,12.6,2,2023-12-28 07:25:58,2023-12-28 16:53:30,0.55,"Rain, Overcast","Cloudy skies throughout the day with rain clearing later.","rain","KDCA,72405013743,D6279,72403793728,KADW,KDAA,74594013705"
"363",363,363,2023-12-29,12.2,7.8,10,55.3,0,0,"rain",87.4,16,4,2023-12-29 07:26:14,2023-12-29 16:54:12,0.59,"Partially cloudy","Partly cloudy throughout the day.","partly-cloudy-day","KDCA,72405013743,D6279,72403793728,KADW,KDAA,72033493764,74594013705"
"364",364,364,2023-12-30,9.9,2.8,6.9,54.5,0,0,NA,85.6,16,3,2023-12-30 07:26:28,2023-12-30 16:54:57,0.62,"Partially cloudy","Partly cloudy throughout the day.","partly-cloudy-day","KDCA,72405013743,D6279,72403793728,KADW,KDAA,74594013705"
"365",365,365,2023-12-31,9.9,4.3,7,53.6,0,0,NA,80.7,16,5,2023-12-31 07:26:40,2023-12-31 16:55:43,0.65,"Partially cloudy","Partly cloudy throughout the day.","partly-cloudy-day","KDCA,72405013743,D6279,72403793728,KADW,KDAA,74594013705"
