"Date","Duration","Tempmax","Tempmin","Tempavg","Humidity","Precip","Preciptype","Cloudcover","UV","Moonphase","Conditions","Conditionsdescription","Icon"
"2023-01-01",29.8353027847355,61.34,43.52,51.8,82.2,0.101,"rain",47.7,4,0.32,"Rain, Partially cloudy","Clearing in the afternoon with morning rain.","rain"
"2023-01-02",30.0442334254144,62.96,39.92,50.9,79.3,0,"rain",87.8,4,0.35,"Partially cloudy","Partly cloudy throughout the day.","partly-cloudy-day"
"2023-01-03",19.0985646249504,68,50.18,59.36,78.5,0,"rain",90.8,2,0.39,"Overcast","Cloudy skies throughout the day.","cloudy"
"2023-01-04",17.5292431437984,64.94,53.42,59.54,85.4,0,"rain",85.1,2,0.42,"Partially cloudy","Partly cloudy throughout the day.","partly-cloudy-day"
"2023-01-05",19.7197784120189,64.04,49.64,56.3,70.4,0,NA,75.8,4,0.46,"Partially cloudy","Partly cloudy throughout the day.","partly-cloudy-day"
"2023-01-06",16.3694175720593,51.8,43.7,48.02,55.1,0,NA,88.5,4,0.5,"Partially cloudy","Partly cloudy throughout the day.","partly-cloudy-day"
"2023-01-07",21.6284821679304,50.9,37.76,43.88,50.8,0,NA,61,5,0.52,"Partially cloudy","Partly cloudy throughout the day.","partly-cloudy-day"
"2023-01-08",27.2430158423493,43.88,31.46,37.94,66.3,0.267,"rain",59.7,3,0.56,"Rain, Partially cloudy","Partly cloudy throughout the day with late afternoon rain.","rain"
"2023-01-09",16.0137167689162,50.9,36.86,42.44,61.7,0,"rain",31.7,5,0.59,"Partially cloudy","Clearing in the afternoon.","partly-cloudy-day"
"2023-01-10",22.4720183486239,46.94,34.16,40.28,57.1,0,NA,60.5,3,0.63,"Partially cloudy","Partly cloudy throughout the day.","partly-cloudy-day"
"2023-01-11",19.2361472163988,46.76,32.36,39.92,72.9,0.476,"rain,freezingrain",72.8,3,0.66,"Rain, Freezing Drizzle/Freezing Rain, Partially cloudy","Partly cloudy throughout the day with late afternoon rain.","rain"
"2023-01-12",16.3211419984974,55.04,40.64,47.3,84.2,3.225,"rain",95.3,3,0.69,"Rain, Overcast","Cloudy skies throughout the day with rain.","rain"
"2023-01-13",17.5377401129943,54.86,39.74,48.2,68.3,6.331,"rain",83.5,5,0.73,"Rain, Partially cloudy","Partly cloudy throughout the day with rain clearing later.","rain"
"2023-01-14",23.4711327857632,39.56,31.82,35.96,58,0,"rain,snow",98.8,1,0.75,"Overcast","Cloudy skies throughout the day.","cloudy"
"2023-01-15",20.4098656116554,45.86,28.94,36.32,51.5,0,"rain,snow",17.9,5,0.79,"Clear","Clear conditions throughout the day.","clear-day"
"2023-01-16",21.2919353164097,54.86,30.38,41.72,39,0,"rain,snow",36.7,5,0.83,"Partially cloudy","Partly cloudy throughout the day.","partly-cloudy-day"
"2023-01-17",17.7526111205003,44.96,37.58,41.36,83.8,1.417,"rain",90.5,1,0.86,"Rain, Overcast","Cloudy skies throughout the day with rain in the morning and afternoon.","rain"
"2023-01-18",16.6546563238049,58.82,38.84,47.84,73.3,0,"rain",42.8,5,0.89,"Partially cloudy","Clearing in the afternoon.","partly-cloudy-day"
"2023-01-19",13.7872723132969,46.76,42.62,44.6,81.5,1.948,"rain",97.9,1,0.93,"Rain, Overcast","Cloudy skies throughout the day with rain.","rain"
"2023-01-20",17.6300694256604,51.8,41,46.04,61.6,0,"rain",75.8,4,0.96,"Partially cloudy","Partly cloudy throughout the day.","partly-cloudy-day"
"2023-01-21",19.4059306613035,43.88,35.06,41.18,55.3,0,NA,78.7,1,0,"Partially cloudy","Partly cloudy throughout the day.","partly-cloudy-day"
"2023-01-22",18.2280679830042,42.8,33.44,37.76,83.1,5.943,"rain",89.3,1,0.03,"Rain, Partially cloudy","Partly cloudy throughout the day with rain.","rain"
"2023-01-23",15.7656734242106,46.94,38.84,42.08,71.8,2.188,"rain",96.2,2,0.06,"Rain, Overcast","Cloudy skies throughout the day with rain clearing later.","rain"
"2023-01-24",16.2615711526079,50.9,32.72,41.18,56.3,0,NA,62.4,5,0.1,"Partially cloudy","Partly cloudy throughout the day.","partly-cloudy-day"
"2023-01-25",12.7206205753879,47.12,35.6,40.82,81.6,12.065,"rain",95.8,0,0.13,"Rain, Overcast","Cloudy skies throughout the day with rain.","rain"
"2023-01-26",15.8924529552081,49.64,40.64,44.96,60.6,0.022,"rain",75.2,3,0.16,"Rain, Partially cloudy","Partly cloudy throughout the day with early morning rain.","rain"
"2023-01-27",16.9957807455239,45.68,32.36,39.02,50.1,0,NA,46.9,5,0.2,"Partially cloudy","Partly cloudy throughout the day.","partly-cloudy-day"
"2023-01-28",26.8433559075605,57.56,34.52,44.06,52.2,0,NA,59.2,5,0.25,"Partially cloudy","Partly cloudy throughout the day.","partly-cloudy-day"
"2023-01-29",17.0764535290007,49.82,40.64,44.78,70.1,0.885,"rain",80.2,2,0.26,"Rain, Partially cloudy","Partly cloudy throughout the day with afternoon rain.","rain"
"2023-01-30",18.2790072859745,60.98,40.82,48.56,76.6,0,NA,64.1,5,0.3,"Partially cloudy","Partly cloudy throughout the day.","partly-cloudy-day"
"2023-01-31",13.0977376980817,46.94,36.86,41.36,86.6,4.194,"rain",85.5,1,0.33,"Rain, Partially cloudy","Partly cloudy throughout the day with rain in the morning and afternoon.","rain"
"2023-02-01",14.0911656501113,40.82,32.54,35.6,59.4,1.093,"rain,snow",81.8,6,0.36,"Snow, Rain, Partially cloudy","Partly cloudy throughout the day with rain or snow clearing later.","snow"
"2023-02-02",14.1662321402268,41.72,31.28,35.96,59.2,0,NA,94.5,4,0.4,"Overcast","Cloudy skies throughout the day.","cloudy"
"2023-02-03",13.8599892703863,40.64,19.76,31.64,43.4,0,NA,54.6,6,0.43,"Partially cloudy","Clearing in the afternoon.","partly-cloudy-day"
"2023-02-04",17.7305354919054,31.82,16.88,24.44,37.9,0,NA,27.8,6,0.46,"Partially cloudy","Partly cloudy throughout the day.","partly-cloudy-day"
"2023-02-05",23.9757381992098,58.82,32.9,44.24,42.6,0,NA,79.7,5,0.5,"Partially cloudy","Partly cloudy throughout the day.","partly-cloudy-day"
"2023-02-06",14.0506904087816,54.86,38.84,47.66,55,0,NA,65,4,0.53,"Partially cloudy","Partly cloudy throughout the day.","partly-cloudy-day"
"2023-02-07",14.3030771897889,48.92,31.28,41.36,67.5,0,"freezingrain",66.2,4,0.57,"Partially cloudy","Partly cloudy throughout the day.","partly-cloudy-day"
"2023-02-08",17.6295271350149,65.66,44.24,53.24,53.1,0,NA,85.6,5,0.6,"Partially cloudy","Partly cloudy throughout the day.","partly-cloudy-day"
"2023-02-09",18.7656097735741,63.32,45.86,55.04,65.1,0,NA,87.9,3,0.64,"Partially cloudy","Partly cloudy throughout the day.","partly-cloudy-day"
"2023-02-10",19.8767093785065,64.04,48.56,57.56,51,0,NA,70.4,6,0.67,"Partially cloudy","Partly cloudy throughout the day.","partly-cloudy-day"
"2023-02-11",30.6692358844154,50,39.74,45.14,41.3,0,NA,80.8,6,0.7,"Partially cloudy","Partly cloudy throughout the day.","partly-cloudy-day"
"2023-02-12",21.4138736457014,41.72,37.76,39.56,75.6,20.454,"rain",91.3,1,0.74,"Rain, Overcast","Cloudy skies throughout the day with rain.","rain"
"2023-02-13",16.5799013215093,57.56,37.22,46.76,46.8,0.573,"rain",62.2,6,0.75,"Rain, Partially cloudy","Partly cloudy throughout the day with early morning rain.","rain"
"2023-02-14",15.8008534027627,59,37.22,48.02,51.3,0,NA,56.6,6,0.81,"Partially cloudy","Partly cloudy throughout the day.","partly-cloudy-day"
"2023-02-15",16.0237707261292,68,48.74,56.3,55.3,0.267,"rain",82.3,6,0.84,"Rain, Partially cloudy","Partly cloudy throughout the day with morning rain.","rain"
"2023-02-16",16.8304871018879,62.78,46.94,54.5,86.4,3.485,"rain",90.3,2,0.88,"Rain, Overcast","Cloudy skies throughout the day with rain.","rain"
"2023-02-17",14.9682318609895,62.96,35.78,51.44,75.5,17.224,"rain",88.9,1,0.91,"Rain, Partially cloudy","Partly cloudy throughout the day with a chance of rain throughout the day.","rain"
"2023-02-18",23.3594252545437,46.76,28.76,36.86,45.6,0,NA,31.6,6,0.95,"Partially cloudy","Partly cloudy throughout the day.","partly-cloudy-day"
"2023-02-19",32.2399728531009,60.8,37.58,48.74,54,0,NA,64.6,7,0.98,"Partially cloudy","Partly cloudy throughout the day.","partly-cloudy-day"
"2023-02-20",21.5294444444444,57.02,47.66,52.34,69.3,0,NA,86.5,3,0,"Partially cloudy","Partly cloudy throughout the day.","partly-cloudy-day"
"2023-02-21",20.5051325887091,63.86,45.68,54.14,59.1,0.278,"rain",72.6,6,0.05,"Rain, Partially cloudy","Partly cloudy throughout the day with early morning rain.","rain"
"2023-02-22",15.8086244725738,53.06,43.16,48.56,54,0.502,"rain",86.9,4,0.08,"Rain, Partially cloudy","Partly cloudy throughout the day with morning rain.","rain"
"2023-02-23",23.1786029643646,80.6,45.68,57.02,68,0,"rain",53.3,7,0.11,"Partially cloudy","Clearing in the afternoon.","partly-cloudy-day"
"2023-02-24",23.6337102886631,65.48,41.72,54.68,35.7,0,NA,44.2,7,0.14,"Partially cloudy","Becoming cloudy in the afternoon.","partly-cloudy-day"
"2023-02-25",21.5391580959916,39.38,33.44,36.5,65.4,0.272,"rain,snow",92.2,2,0.18,"Snow, Rain, Overcast","Cloudy skies throughout the day with afternoon rain or snow.","rain"
"2023-02-26",25.9892280524722,52.88,36.86,44.24,73.2,0,"rain",67.3,7,0.21,"Partially cloudy","Partly cloudy throughout the day.","partly-cloudy-day"
"2023-02-27",16.0310863721365,51.08,37.4,45.68,64.6,4.138,"rain",80.9,5,0.25,"Rain, Partially cloudy","Partly cloudy throughout the day with late afternoon rain.","rain"
"2023-02-28",18.0471702367531,62.78,40.82,48.74,74.4,2.727,"rain",70.5,7,0.28,"Rain, Partially cloudy","Partly cloudy throughout the day with early morning rain.","rain"
"2023-03-01",17.8617806731813,56.12,38.84,48.2,74.8,0,"rain",40.7,7,0.31,"Partially cloudy","Partly cloudy throughout the day.","partly-cloudy-day"
"2023-03-02",17.0122281426707,65.84,47.84,55.22,69.3,1.317,"rain",86.1,4,0.34,"Rain, Partially cloudy","Partly cloudy throughout the day with rain clearing later.","rain"
"2023-03-03",15.1163125428376,51.8,40.82,45.32,73.2,5.547,"rain",90.6,1,0.37,"Rain, Overcast","Cloudy skies throughout the day with rain.","rain"
"2023-03-04",25.6694012665515,57.74,40.82,49.28,60.3,1.873,"rain",53.7,7,0.41,"Rain, Partially cloudy","Clearing in the afternoon with early morning rain.","rain"
"2023-03-05",32.3616908998151,64.76,37.04,50.36,52.9,0,NA,20.7,7,0.44,"Partially cloudy","Partly cloudy throughout the day.","partly-cloudy-day"
"2023-03-06",19.4275126160484,57.92,39.92,48.56,50.9,0,NA,53.6,7,0.47,"Partially cloudy","Partly cloudy throughout the day.","partly-cloudy-day"
"2023-03-07",17.8774677504145,54.86,41.9,46.76,46.6,0,NA,46.5,7,0.5,"Partially cloudy","Clearing in the afternoon.","partly-cloudy-day"
"2023-03-08",18.6792633432882,52.88,34.88,43.7,40.3,0,NA,15.3,7,0.54,"Clear","Clear conditions throughout the day.","clear-day"
"2023-03-09",27.6360999718587,55.76,36.86,45.86,49.2,0,NA,35.5,7,0.58,"Partially cloudy","Partly cloudy throughout the day.","partly-cloudy-day"
"2023-03-10",19.9153250263713,46.04,40.82,43.7,75.7,3.798,"rain",90.4,2,0.61,"Rain, Overcast","Cloudy skies throughout the day with rain.","rain"
"2023-03-11",23.4687133315281,47.66,38.66,42.62,53.3,0,NA,92.8,5,0.65,"Overcast","Cloudy skies throughout the day.","cloudy"
"2023-03-12",25.548871493803,41.9,32.9,37.58,72.5,0.579,"rain",75.8,2,0.68,"Rain, Partially cloudy","Partly cloudy throughout the day with rain.","rain"
"2023-03-13",18.8151809267831,49.82,38.66,43.16,78.9,1.094,"rain",96.2,3,0.72,"Rain, Overcast","Cloudy skies throughout the day with early morning rain.","rain"
"2023-03-14",15.8540434235368,42.98,33.8,38.48,43.4,0,NA,48,7,0.75,"Partially cloudy","Partly cloudy throughout the day.","partly-cloudy-day"
"2023-03-15",16.6335893461105,51.8,32.9,41.18,36.9,0,NA,21.7,8,0.79,"Partially cloudy","Partly cloudy throughout the day.","partly-cloudy-day"
"2023-03-16",30.2784106959425,64.04,34.7,48.92,32.1,0,NA,54.8,8,0.82,"Partially cloudy","Partly cloudy throughout the day.","partly-cloudy-day"
"2023-03-17",22.3919504870724,61.88,48.92,55.22,53.1,0.296,"rain",91.6,2,0.86,"Rain, Overcast","Cloudy skies throughout the day with afternoon rain.","rain"
"2023-03-18",34.6336400732845,55.94,41.9,47.84,42,0.354,"rain",77,8,0.89,"Rain, Partially cloudy","Partly cloudy throughout the day with early morning rain.","rain"
"2023-03-19",26.1585580238539,43.88,28.94,37.04,32.3,0,NA,35.7,8,0.93,"Partially cloudy","Partly cloudy throughout the day.","partly-cloudy-day"
"2023-03-20",22.9034999610683,51.98,29.12,40.46,37.1,0,NA,19.9,8,0.96,"Clear","Clear conditions throughout the day.","clear-day"
"2023-03-21",20.7550131769862,62.96,33.44,47.48,43.4,0,NA,50.9,7,0,"Partially cloudy","Becoming cloudy in the afternoon.","partly-cloudy-day"
"2023-03-22",23.7697707437801,66.74,47.66,55.58,40.7,0,NA,84.1,7,0.03,"Partially cloudy","Partly cloudy throughout the day.","partly-cloudy-day"
"2023-03-23",28.3748401445649,82.76,51.08,64.04,60.8,0,NA,81.2,6,0.06,"Partially cloudy","Partly cloudy throughout the day.","partly-cloudy-day"
"2023-03-24",17.5894062460647,68.9,42.98,55.22,80.9,18.302,"rain",98,1,0.1,"Rain, Overcast","Cloudy skies throughout the day with rain.","rain"
"2023-03-25",23.4672150723099,53.06,44.06,47.48,90.7,3.951,"rain",100,3,0.13,"Rain, Overcast","Cloudy skies throughout the day with a chance of rain throughout the day.","rain"
"2023-03-26",38.9442983395822,69.8,47.84,57.74,50.5,0,NA,28.7,8,0.16,"Partially cloudy","Partly cloudy throughout the day.","partly-cloudy-day"
"2023-03-27",22.1565633172638,60.8,46.76,54.32,75.5,0.511,"rain",70.9,3,0.19,"Rain, Partially cloudy","Partly cloudy throughout the day with afternoon rain.","rain"
"2023-03-28",22.4894312577901,59.9,46.22,52.7,57.5,0,NA,63.8,7,0.25,"Partially cloudy","Partly cloudy throughout the day.","partly-cloudy-day"
"2023-03-29",20.364450542271,59.72,43.34,51.98,43.4,0,NA,56.4,7,0.26,"Partially cloudy","Partly cloudy throughout the day.","partly-cloudy-day"
"2023-03-30",20.5845244208604,53.78,37.04,46.58,39.7,0,NA,13.5,8,0.29,"Clear","Clear conditions throughout the day.","clear-day"
"2023-03-31",22.7837661974978,65.84,41.54,53.78,62.5,0,NA,70.3,4,0.32,"Partially cloudy","Partly cloudy throughout the day.","partly-cloudy-day"
"2023-04-01",31.8546968365554,75.74,49.82,64.4,70.3,6.493,"rain",86,7,0.35,"Rain, Partially cloudy","Partly cloudy throughout the day with a chance of rain throughout the day.","rain"
"2023-04-02",30.0735508929493,56.84,46.94,51.08,42.6,0,NA,40.3,8,0.39,"Partially cloudy","Clearing in the afternoon.","partly-cloudy-day"
"2023-04-03",26.569531699911,70.88,41.18,55.94,56.9,0,NA,58.5,8,0.42,"Partially cloudy","Partly cloudy throughout the day.","partly-cloudy-day"
"2023-04-04",29.6228916187489,79.16,55.76,66.74,59.6,0,NA,24.5,8,0.45,"Partially cloudy","Partly cloudy throughout the day.","partly-cloudy-day"
"2023-04-05",23.9931615165751,85.82,60.8,72.5,67.9,0,NA,78.4,8,0.48,"Partially cloudy","Partly cloudy throughout the day.","partly-cloudy-day"
"2023-04-06",22.6680704010287,84.92,62.78,73.94,63,0.823,"rain",85.5,6,0.5,"Rain, Partially cloudy","Partly cloudy throughout the day with late afternoon rain.","rain"
"2023-04-07",23.6930199179848,61.88,50.9,54.86,42.9,0.289,"rain",92.1,1,0.55,"Rain, Overcast","Cloudy skies throughout the day with afternoon rain.","rain"
"2023-04-08",30.645913696446,52.7,45.68,48.92,41.6,0,NA,88.7,7,0.59,"Partially cloudy","Partly cloudy throughout the day.","partly-cloudy-day"
"2023-04-09",35.0589938427092,61.7,39.92,51.08,47.1,0,NA,33.9,9,0.62,"Partially cloudy","Partly cloudy throughout the day.","partly-cloudy-day"
"2023-04-10",25.6905834635096,64.04,41.9,53.24,44.8,0,NA,2,9,0.66,"Clear","Clear conditions throughout the day.","clear-day"
"2023-04-11",23.4735627370233,77.9,44.42,60.26,41.8,0,NA,36.4,9,0.7,"Partially cloudy","Partly cloudy throughout the day.","partly-cloudy-day"
"2023-04-12",21.1734183160746,84.56,55.58,69.62,44.1,0,NA,47.3,8,0.73,"Partially cloudy","Clearing in the afternoon.","partly-cloudy-day"
"2023-04-13",21.4788717357419,87.8,55.4,71.42,47,0,NA,6.4,9,0.75,"Clear","Clear conditions throughout the day.","clear-day"
"2023-04-14",22.5701680483476,80.78,59.54,68.54,63.4,0,"rain",85.7,6,0.8,"Partially cloudy","Partly cloudy throughout the day.","partly-cloudy-day"
"2023-04-15",33.5582837204231,77.9,64.76,68.54,83.6,9.046,"rain",87.7,7,0.84,"Rain, Partially cloudy","Partly cloudy throughout the day with rain.","rain"
"2023-04-16",35.9415079472286,80.06,59.72,70.34,74.1,0,NA,77.5,6,0.87,"Partially cloudy","Partly cloudy throughout the day.","partly-cloudy-day"
"2023-04-17",20.3810555699445,70.88,56.12,62.42,46.3,0.27,"rain",81.1,8,0.91,"Rain, Partially cloudy","Partly cloudy throughout the day with early morning rain.","rain"
"2023-04-18",23.0848438523695,73.94,48.02,60.8,35.7,0,NA,21.7,9,0.95,"Partially cloudy","Partly cloudy throughout the day.","partly-cloudy-day"
"2023-04-19",22.3686730346022,74.66,44.96,59.9,43.6,0,NA,27.8,9,0.98,"Partially cloudy","Becoming cloudy in the afternoon.","partly-cloudy-day"
"2023-04-20",20.6755513926986,85.64,54.32,68.72,60.3,0,NA,52.5,9,0,"Partially cloudy","Partly cloudy throughout the day.","partly-cloudy-day"
"2023-04-21",25.0793263308046,87.98,57.38,71.6,60.6,0,NA,34.4,8,0.05,"Partially cloudy","Partly cloudy throughout the day.","partly-cloudy-day"
"2023-04-22",26.7234068024533,73.04,58.64,66.02,68.5,10.388,"rain",77.4,3,0.08,"Rain, Partially cloudy","Partly cloudy throughout the day with rain.","rain"
"2023-04-23",28.4026477247827,64.04,49.82,57.56,57.2,0,NA,59,7,0.11,"Partially cloudy","Becoming cloudy in the afternoon.","partly-cloudy-day"
"2023-04-24",19.5750263405978,60.8,46.58,52.88,41.5,0,NA,59.9,8,0.14,"Partially cloudy","Partly cloudy throughout the day.","partly-cloudy-day"
"2023-04-25",19.3318972341794,60.8,43.7,53.06,45.3,0,NA,73.6,9,0.18,"Partially cloudy","Partly cloudy throughout the day.","partly-cloudy-day"
"2023-04-26",18.2273643117995,66.74,46.94,56.3,63.7,0.293,"rain",69,9,0.21,"Rain, Partially cloudy","Partly cloudy throughout the day with afternoon rain.","rain"
"2023-04-27",20.8499081956268,71.6,51.62,60.62,68.6,0,NA,82.8,8,0.25,"Partially cloudy","Partly cloudy throughout the day.","partly-cloudy-day"
"2023-04-28",13.6836457964863,58.82,53.78,56.12,91,30.259,"rain",98.6,1,0.27,"Rain, Overcast","Cloudy skies throughout the day with a chance of rain throughout the day.","rain"
"2023-04-29",26.6034439834025,66.74,54.86,59.54,84.8,3.669,"rain",94.2,7,0.31,"Rain, Overcast","Cloudy skies throughout the day with rain clearing later.","rain"
"2023-04-30",21.4894253859348,64.76,58.82,61.34,86,9.635,"rain",98.6,2,0.34,"Rain, Overcast","Cloudy skies throughout the day with rain in the morning and afternoon.","rain"
"2023-05-01",17.4871734542551,60.8,49.82,56.66,50.6,0.018,"rain",77.9,3,0.37,"Rain, Partially cloudy","Partly cloudy throughout the day with late afternoon rain.","rain"
"2023-05-02",15.4570882996089,58.82,49.82,53.42,62.2,0,"rain",92.3,4,0.4,"Overcast","Cloudy skies throughout the day.","cloudy"
"2023-05-03",17.0242578125,56.48,48.2,51.8,58.2,0.267,"rain",93,4,0.43,"Rain, Overcast","Cloudy skies throughout the day with morning rain.","rain"
"2023-05-04",17.8030090283639,62.6,46.94,54.86,60.1,0,"rain",74.6,5,0.47,"Partially cloudy","Partly cloudy throughout the day.","partly-cloudy-day"
"2023-05-05",24.7733995968583,69.62,46.58,59,60.4,0,NA,46.6,8,0.5,"Partially cloudy","Becoming cloudy in the afternoon.","partly-cloudy-day"
"2023-05-06",34.1010209976891,74.48,50.36,62.06,58.8,0,NA,51.6,9,0.53,"Partially cloudy","Becoming cloudy in the afternoon.","partly-cloudy-day"
"2023-05-07",25.075893230692,73.22,54.5,63.14,77.2,0.504,"rain",71.3,6,0.57,"Rain, Partially cloudy","Partly cloudy throughout the day with late afternoon rain.","rain"
"2023-05-08",23.9779384328358,82.94,60.08,70.7,71.4,0.058,"rain",74.6,8,0.61,"Rain, Partially cloudy","Partly cloudy throughout the day with morning rain.","rain"
"2023-05-09",17.1046718280256,69.62,57.02,63.86,67,2.615,"rain",77.5,4,0.64,"Rain, Partially cloudy","Partly cloudy throughout the day with rain clearing later.","rain"
"2023-05-10",22.8164807531111,71.78,50.72,61.34,58.3,0,NA,74.9,8,0.68,"Partially cloudy","Partly cloudy throughout the day.","partly-cloudy-day"
"2023-05-11",21.7018950437318,77,53.24,65.3,68.8,0,NA,69,8,0.71,"Partially cloudy","Partly cloudy throughout the day.","partly-cloudy-day"
"2023-05-12",22.7589400072822,82.94,59.54,71.24,70.7,0,NA,78.4,8,0.75,"Partially cloudy","Partly cloudy throughout the day.","partly-cloudy-day"
"2023-05-13",21.5103964362401,75.74,64.04,68.72,83.7,2.28,"rain",91,2,0.78,"Rain, Overcast","Cloudy skies throughout the day with rain.","rain"
"2023-05-14",29.0364756358503,78.8,56.48,68.36,55.3,0,NA,42.7,9,0.82,"Partially cloudy","Clearing in the afternoon.","partly-cloudy-day"
"2023-05-15",22.2636793149269,73.94,55.4,64.76,42.6,0,NA,68.1,9,0.86,"Partially cloudy","Clearing in the afternoon.","partly-cloudy-day"
"2023-05-16",18.6560697765968,77.9,57.56,67.82,67.9,0,NA,83.7,9,0.89,"Partially cloudy","Partly cloudy throughout the day.","partly-cloudy-day"
"2023-05-17",17.8766482189133,73.76,60.44,68.36,50,0,NA,59.3,8,0.93,"Partially cloudy","Clearing in the afternoon.","partly-cloudy-day"
"2023-05-18",19.0470559448337,70.7,49.46,60.26,45.2,0,NA,38.3,9,0.96,"Partially cloudy","Becoming cloudy in the afternoon.","partly-cloudy-day"
"2023-05-19",22.1818618655778,73.76,55.4,64.58,64.9,0,NA,71.8,8,0,"Partially cloudy","Partly cloudy throughout the day.","partly-cloudy-day"
"2023-05-20",30.2122568349106,79.16,57.74,66.92,76.9,3.85,"rain",83.5,8,0.03,"Rain, Partially cloudy","Partly cloudy throughout the day with late afternoon rain.","rain"
"2023-05-21",29.8847004208136,78.8,57.56,68.36,56.4,0.561,"rain",29.9,8,0.06,"Rain, Partially cloudy","Partly cloudy throughout the day with early morning rain.","rain"
"2023-05-22",20.9263066202091,81.68,58.46,70.34,53.7,0,NA,55.7,8,0.1,"Partially cloudy","Partly cloudy throughout the day.","partly-cloudy-day"
"2023-05-23",18.801900565421,74.66,60.26,67.1,59.5,0,NA,84.9,6,0.13,"Partially cloudy","Partly cloudy throughout the day.","partly-cloudy-day"
"2023-05-24",18.6994907925638,80.6,55.4,67.82,53.5,0,NA,65,8,0.16,"Partially cloudy","Partly cloudy throughout the day.","partly-cloudy-day"
"2023-05-25",18.2833660219126,72.86,57.74,65.48,45.8,0,NA,53.3,9,0.19,"Partially cloudy","Clearing in the afternoon.","partly-cloudy-day"
"2023-05-26",23.0649475640515,74.66,54.14,64.94,51.2,0,NA,45.9,9,0.23,"Partially cloudy","Partly cloudy throughout the day.","partly-cloudy-day"
"2023-05-27",29.1812668717434,76.82,55.04,66.2,45.6,0,NA,64.7,9,0.25,"Partially cloudy","Partly cloudy throughout the day.","partly-cloudy-day"
"2023-05-28",31.8538327064043,73.76,59.54,66.2,60,0.278,"rain",95.2,5,0.29,"Rain, Overcast","Cloudy skies throughout the day with late afternoon rain.","rain"
"2023-05-29",28.319727105522,76.46,62.78,67.64,82.4,18.596,"rain",97.2,3,0.32,"Rain, Overcast","Cloudy skies throughout the day with a chance of rain throughout the day.","rain"
"2023-05-30",20.6467920487089,74.66,59.72,65.84,71.1,3.036,"rain",85.4,9,0.36,"Rain, Partially cloudy","Partly cloudy throughout the day with early morning rain.","rain"
"2023-05-31",17.5173970097881,77.72,55.22,66.2,58.7,0,NA,22.5,9,0.39,"Partially cloudy","Partly cloudy throughout the day.","partly-cloudy-day"
"2023-06-01",19.9293953268416,83.66,58.46,71.96,62.9,0,NA,19.7,9,0.42,"Clear","Clear conditions throughout the day.","clear-day"
"2023-06-02",19.6606382041284,92.48,63.32,77.54,58.6,0,NA,18.8,9,0.45,"Clear","Clear conditions throughout the day.","clear-day"
"2023-06-03",26.0274360657042,83.66,62.78,75.38,64.7,0,NA,72.6,8,0.5,"Partially cloudy","Partly cloudy throughout the day.","partly-cloudy-day"
"2023-06-04",25.5168050573491,75.56,60.8,66.56,62.6,0,"rain",77.6,9,0.52,"Partially cloudy","Partly cloudy throughout the day.","partly-cloudy-day"
"2023-06-05",21.5079320874557,79.7,58.82,69.44,57,0,NA,67.6,9,0.55,"Partially cloudy","Partly cloudy throughout the day.","partly-cloudy-day"
"2023-06-06",19.9616576187673,82.76,60.26,72.5,41.7,0,NA,83.3,7,0.59,"Partially cloudy","Partly cloudy throughout the day.","partly-cloudy-day"
"2023-06-07",19.2460796749113,79.7,62.06,71.96,41.8,0,NA,62.4,7,0.63,"Partially cloudy","Clearing in the afternoon.","partly-cloudy-day"
"2023-06-08",19.258556496199,77.72,60.44,68.72,48.4,0,NA,74.5,7,0.66,"Partially cloudy","Partly cloudy throughout the day.","partly-cloudy-day"
"2023-06-09",25.5866696599203,75.56,59.18,68.36,46.9,0,"rain",69.5,6,0.7,"Partially cloudy","Partly cloudy throughout the day.","partly-cloudy-day"
"2023-06-10",27.1479869443816,86.9,58.46,73.22,46.5,0,NA,41.9,9,0.75,"Partially cloudy","Becoming cloudy in the afternoon.","partly-cloudy-day"
"2023-06-11",29.7923739636773,89.6,65.12,77.18,53.9,0,NA,67.8,8,0.77,"Partially cloudy","Partly cloudy throughout the day.","partly-cloudy-day"
"2023-06-12",17.6376157508837,78.8,68,74.66,68.8,5.463,"rain",88.8,2,0.8,"Rain, Partially cloudy","Partly cloudy throughout the day with rain.","rain"
"2023-06-13",20.7103391337483,80.78,60.44,71.6,53.6,0,NA,55.5,8,0.84,"Partially cloudy","Partly cloudy throughout the day.","partly-cloudy-day"
"2023-06-14",24.780616649113,82.76,64.58,71.96,53.5,0,"rain",64.2,8,0.87,"Partially cloudy","Partly cloudy throughout the day.","partly-cloudy-day"
"2023-06-15",21.9586728042201,83.66,63.14,73.4,43.3,0,NA,45.6,9,0.91,"Partially cloudy","Partly cloudy throughout the day.","partly-cloudy-day"
"2023-06-16",20.8303159063612,80.78,64.76,72.86,62.2,0.035,"rain",86.2,7,0.95,"Rain, Partially cloudy","Partly cloudy throughout the day with late afternoon rain.","rain"
"2023-06-17",28.4821384912654,83.66,63.86,73.94,51.7,0,NA,47.7,8,0.98,"Partially cloudy","Partly cloudy throughout the day.","partly-cloudy-day"
"2023-06-18",26.4447400188758,86.9,63.68,76.1,41.4,0,NA,28.1,9,0,"Partially cloudy","Partly cloudy throughout the day.","partly-cloudy-day"
"2023-06-19",25.3124947706038,88.7,65.84,77.36,59.9,0.011,"rain",70.5,8,0.05,"Rain, Partially cloudy","Partly cloudy throughout the day with late afternoon rain.","rain"
"2023-06-20",22.5299410600585,80.78,71.6,75.56,69.2,0.011,"rain",83.6,4,0.08,"Rain, Partially cloudy","Partly cloudy throughout the day with morning rain.","rain"
"2023-06-21",16.5181865749738,71.6,60.98,66.02,85,10.605,"rain",97.9,2,0.11,"Rain, Overcast","Cloudy skies throughout the day with rain.","rain"
"2023-06-22",16.5234007008394,67.82,60.98,64.58,91.2,1.278,"rain",100,2,0.15,"Rain, Overcast","Cloudy skies throughout the day with rain.","rain"
"2023-06-23",22.0346501969971,78.98,65.66,71.42,91.4,6.159,"rain",94.7,3,0.18,"Rain, Overcast","Cloudy skies throughout the day with a chance of rain throughout the day.","rain"
"2023-06-24",24.4242362061104,87.8,71.78,77.54,76.7,0.299,"rain",87.9,8,0.21,"Rain, Partially cloudy","Partly cloudy throughout the day with morning rain.","rain"
"2023-06-25",28.0916177783446,91.04,70.7,80.6,63.3,0,NA,51.9,9,0.24,"Partially cloudy","Becoming cloudy in the afternoon.","partly-cloudy-day"
"2023-06-26",18.9020256904303,87.98,75.38,80.78,70,0,"rain",81.8,6,0.25,"Partially cloudy","Partly cloudy throughout the day.","partly-cloudy-day"
"2023-06-27",20.7814937339457,84.02,68.9,74.12,75.2,19.155,"rain",85.4,7,0.31,"Rain, Partially cloudy","Partly cloudy throughout the day with rain.","rain"
"2023-06-28",20.8803011173537,81.86,67.64,74.66,64.8,0,NA,67.4,6,0.34,"Partially cloudy","Partly cloudy throughout the day.","partly-cloudy-day"
"2023-06-29",23.4297251978383,86.72,65.12,75.74,58.3,0,NA,22.4,8,0.38,"Partially cloudy","Partly cloudy throughout the day.","partly-cloudy-day"
"2023-06-30",19.5629498051799,86.72,70.34,76.1,75.9,10.846,"rain",65.3,6,0.41,"Rain, Partially cloudy","Partly cloudy throughout the day with rain.","rain"
"2023-07-01",29.2675564419217,86.9,71.6,77.18,79.2,6.291,"rain",79.2,4,0.44,"Rain, Partially cloudy","Partly cloudy throughout the day with late afternoon rain.","rain"
"2023-07-02",24.5341959586933,89.6,73.76,80.6,79.8,0.446,"rain",85,5,0.47,"Rain, Partially cloudy","Partly cloudy throughout the day with early morning rain.","rain"
"2023-07-03",25.4487345218647,89.96,77.54,82.22,71.3,0.288,"rain",82.3,9,0.5,"Rain, Partially cloudy","Partly cloudy throughout the day with late afternoon rain.","rain"
"2023-07-04",33.5096487706974,90.86,72.86,81.86,69.7,20.227,"rain",64.8,10,0.54,"Rain, Partially cloudy","Partly cloudy throughout the day with early morning rain.","rain"
"2023-07-05",22.9055846485805,91.76,75.38,82.76,67.7,0,NA,74.1,9,0.58,"Partially cloudy","Partly cloudy throughout the day.","partly-cloudy-day"
"2023-07-06",20.2391870369088,89.6,75.38,81.68,74.6,3.792,"rain",56.5,10,0.61,"Rain, Partially cloudy","Becoming cloudy in the afternoon with afternoon rain.","rain"
"2023-07-07",23.4394772224881,87.08,75.2,80.42,77.8,17.779,"rain",56.4,9,0.65,"Rain, Partially cloudy","Becoming cloudy in the afternoon with afternoon rain.","rain"
"2023-07-08",25.4899995882486,90.68,75.56,80.78,77.2,10.992,"rain",74,8,0.68,"Rain, Partially cloudy","Partly cloudy throughout the day with rain.","rain"
"2023-07-09",23.0294163728946,84.74,73.4,77.54,81.2,3.215,"rain",81.7,5,0.75,"Rain, Partially cloudy","Partly cloudy throughout the day with afternoon rain.","rain"
"2023-07-10",19.4865603851569,88.52,70.7,78.62,64.5,0,NA,64.9,9,0.75,"Partially cloudy","Partly cloudy throughout the day.","partly-cloudy-day"
"2023-07-11",20.4768184493777,89.6,70.7,80.96,50.6,0,NA,36.1,10,0.79,"Partially cloudy","Partly cloudy throughout the day.","partly-cloudy-day"
"2023-07-12",19.0808876578201,90.86,72.32,82.22,55.8,0,NA,43.7,9,0.82,"Partially cloudy","Becoming cloudy in the afternoon.","partly-cloudy-day"
"2023-07-13",17.6232906124067,92.84,75.02,84.2,61.7,0,NA,63.9,10,0.86,"Partially cloudy","Partly cloudy throughout the day.","partly-cloudy-day"
"2023-07-14",19.6030422288856,89.78,72.68,80.78,66.1,31.247,"rain",76.2,10,0.89,"Rain, Partially cloudy","Partly cloudy throughout the day with late afternoon rain.","rain"
"2023-07-15",25.466623096394,87.8,72.86,79.7,82.3,0.323,"rain",76.8,9,0.93,"Rain, Partially cloudy","Partly cloudy throughout the day with late afternoon rain.","rain"
"2023-07-16",25.0328202581927,85.64,75.56,79.7,82,3.587,"rain",84.8,8,0.96,"Rain, Partially cloudy","Partly cloudy throughout the day with rain.","rain"
"2023-07-17",22.9290433504079,87.98,74.3,81.68,66.7,0,NA,52,7,0,"Partially cloudy","Partly cloudy throughout the day.","partly-cloudy-day"
"2023-07-18",22.1843738955072,89.78,73.76,82.04,61.3,0,NA,51,8,0.03,"Partially cloudy","Clearing in the afternoon.","partly-cloudy-day"
"2023-07-19",22.7792774808423,86.9,72.86,79.7,74.7,12.244,"rain",76.7,9,0.06,"Rain, Partially cloudy","Partly cloudy throughout the day with rain clearing later.","rain"
"2023-07-20",19.8711484846661,87.98,73.04,81.32,67.4,0,NA,46.9,9,0.1,"Partially cloudy","Becoming cloudy in the afternoon.","partly-cloudy-day"
"2023-07-21",21.0896431188482,86.9,69.62,79.34,67.5,9.595,"rain",71,9,0.13,"Rain, Partially cloudy","Partly cloudy throughout the day with rain clearing later.","rain"
"2023-07-22",33.790191114015,85.64,70.88,78.08,57.3,0,NA,64.4,8,0.16,"Partially cloudy","Partly cloudy throughout the day.","partly-cloudy-day"
"2023-07-23",25.993915896527,86.9,69.44,78.8,63.5,0,NA,39,9,0.2,"Partially cloudy","Partly cloudy throughout the day.","partly-cloudy-day"
"2023-07-24",19.7141058695097,84.56,73.04,78.98,72.9,1.159,"rain",71.7,8,0.23,"Rain, Partially cloudy","Partly cloudy throughout the day with morning rain.","rain"
"2023-07-25",18.3325429459064,88.7,73.4,79.52,76.6,0.063,"rain",79,9,0.25,"Rain, Partially cloudy","Partly cloudy throughout the day with late afternoon rain.","rain"
"2023-07-26",19.7161979199364,88.88,69.44,79.34,73.5,0,NA,30.6,9,0.3,"Partially cloudy","Partly cloudy throughout the day.","partly-cloudy-day"
"2023-07-27",17.9138511728353,96.08,78.62,84.74,70.4,0.143,"rain",66,8,0.33,"Rain, Partially cloudy","Partly cloudy throughout the day with late afternoon rain.","rain"
"2023-07-28",18.198648304977,94.82,78.26,85.82,68.4,2.362,"rain",61.3,9,0.36,"Rain, Partially cloudy","Partly cloudy throughout the day with late afternoon rain.","rain"
"2023-07-29",25.1634724608629,95.9,74.66,81.68,72.1,12.091,"rain",73.8,9,0.4,"Rain, Partially cloudy","Partly cloudy throughout the day with late afternoon rain.","rain"
"2023-07-30",28.5454635490677,85.64,72.5,79.16,56.5,0.005,"rain",48.6,9,0.43,"Rain, Partially cloudy","Partly cloudy throughout the day with early morning rain.","rain"
"2023-07-31",21.0813672613285,84.74,70.34,77.36,62.7,9.369,"rain",60.3,10,0.46,"Rain, Partially cloudy","Partly cloudy throughout the day with early morning rain.","rain"
"2023-08-01",19.6425310270093,80.6,67.28,74.12,57.8,0,NA,45.2,6,0.5,"Partially cloudy","Partly cloudy throughout the day.","partly-cloudy-day"
"2023-08-02",18.740119693552,81.86,67.28,74.66,60.1,0,NA,65.2,8,0.53,"Partially cloudy","Partly cloudy throughout the day.","partly-cloudy-day"
"2023-08-03",18.4517197755399,78.8,67.82,72.14,72.4,1.108,"rain",85.1,8,0.56,"Rain, Partially cloudy","Partly cloudy throughout the day with rain.","rain"
"2023-08-04",22.8307002926788,80.6,66.74,72.86,80.8,0.91,"rain",84.6,4,0.6,"Rain, Partially cloudy","Partly cloudy throughout the day with rain clearing later.","rain"
"2023-08-05",29.2584594568474,86.72,71.24,78.08,73.7,0,"rain",61.4,9,0.63,"Partially cloudy","Partly cloudy throughout the day.","partly-cloudy-day"
"2023-08-06",24.0239532543921,86.9,72.32,78.44,78.6,12.002,"rain",76.4,8,0.67,"Rain, Partially cloudy","Partly cloudy throughout the day with late afternoon rain.","rain"
"2023-08-07",20.6093222818137,87.98,72.86,77.9,83.6,9.191,"rain",88,9,0.7,"Rain, Partially cloudy","Partly cloudy throughout the day with late afternoon rain.","rain"
"2023-08-08",19.7285544926825,85.82,71.78,78.08,62.3,12.568,"rain",54.2,7,0.75,"Rain, Partially cloudy","Clearing in the afternoon with early morning rain.","rain"
"2023-08-09",23.824462190352,85.64,70.52,78.8,57,0,NA,39,9,0.77,"Partially cloudy","Becoming cloudy in the afternoon.","partly-cloudy-day"
"2023-08-10",18.1840559711429,82.76,73.58,77.72,75.5,2.554,"rain",79.4,6,0.8,"Rain, Partially cloudy","Partly cloudy throughout the day with late afternoon rain.","rain"
"2023-08-11",22.442557658561,86.72,69.44,78.8,63.5,0,NA,56.1,7,0.84,"Partially cloudy","Partly cloudy throughout the day.","partly-cloudy-day"
"2023-08-12",24.9458790523691,90.86,73.4,81.14,70.2,0,NA,64.4,9,0.87,"Partially cloudy","Partly cloudy throughout the day.","partly-cloudy-day"
"2023-08-13",25.1908730997862,91.04,77.54,83.84,60.4,0,NA,68.3,9,0.91,"Partially cloudy","Partly cloudy throughout the day.","partly-cloudy-day"
"2023-08-14",20.2052450026535,90.86,73.58,80.24,73.7,11.513,"rain",80.1,5,0.94,"Rain, Partially cloudy","Partly cloudy throughout the day with rain.","rain"
"2023-08-15",17.9849130952381,88.16,76.64,80.24,79.8,9.841,"rain",78.5,8,0.97,"Rain, Partially cloudy","Partly cloudy throughout the day with rain.","rain"
"2023-08-16",22.9055483791597,86.9,70.88,78.98,60.1,0.022,"rain",57.4,9,0,"Rain, Partially cloudy","Becoming cloudy in the afternoon with early morning rain.","rain"
"2023-08-17",19.4428533604457,89.42,71.42,80.42,70,0,NA,59.1,9,0.04,"Partially cloudy","Partly cloudy throughout the day.","partly-cloudy-day"
"2023-08-18",22.5762208134572,83.84,72.68,78.26,59.8,0.022,"rain",57.8,9,0.08,"Rain, Partially cloudy","Partly cloudy throughout the day with early morning rain.","rain"
"2023-08-19",25.4249437633562,82.94,63.32,73.4,49.8,0,NA,14.1,9,0.11,"Clear","Clear conditions throughout the day.","clear-day"
"2023-08-20",24.4098569672589,87.08,66.02,76.82,63.9,0,NA,19.6,8,0.15,"Clear","Clear conditions throughout the day.","clear-day"
"2023-08-21",21.6812739601303,90.86,72.68,81.86,66.5,0,NA,76.4,9,0.18,"Partially cloudy","Partly cloudy throughout the day.","partly-cloudy-day"
"2023-08-22",17.4753624090089,83.66,72.86,78.44,57.4,0,NA,68.2,8,0.21,"Partially cloudy","Partly cloudy throughout the day.","partly-cloudy-day"
"2023-08-23",20.5714313283361,82.22,63.32,73.76,59.1,0,NA,45,9,0.25,"Partially cloudy","Becoming cloudy in the afternoon.","partly-cloudy-day"
"2023-08-24",17.7161900468032,80.78,70.7,75.2,66,0,NA,91.9,8,0.25,"Overcast","Cloudy skies throughout the day.","cloudy"
"2023-08-25",19.5602569675892,91.94,74.48,80.6,72.2,11.287,"rain",81.5,9,0.32,"Rain, Partially cloudy","Partly cloudy throughout the day with late afternoon rain.","rain"
"2023-08-26",25.4888244575937,90.86,74.84,82.58,70,0.022,"rain",55.6,9,0.35,"Rain, Partially cloudy","Partly cloudy throughout the day with early morning rain.","rain"
"2023-08-27",26.4898497531659,87.62,74.3,80.6,62.2,0,NA,79.2,6,0.38,"Partially cloudy","Partly cloudy throughout the day.","partly-cloudy-day"
"2023-08-28",23.3612362097627,77.9,73.58,75.74,80.4,0.284,"rain",89.5,2,0.42,"Rain, Partially cloudy","Partly cloudy throughout the day with rain.","rain"
"2023-08-29",22.227634394515,80.78,72.86,76.28,83.7,0.128,"rain",94.9,3,0.45,"Rain, Overcast","Cloudy skies throughout the day with a chance of rain throughout the day.","rain"
"2023-08-30",16.8926162341904,85.82,74.66,79.34,64.2,0,"rain",85.4,7,0.5,"Partially cloudy","Partly cloudy throughout the day.","partly-cloudy-day"
"2023-08-31",23.4551677013783,82.4,66.56,73.76,50,0,NA,52,9,0.52,"Partially cloudy","Partly cloudy throughout the day.","partly-cloudy-day"
"2023-09-01",23.7790967886726,80.6,60.44,71.24,51.4,0,NA,15.3,9,0.55,"Clear","Clear conditions throughout the day.","clear-day"
"2023-09-02",29.5862990052662,84.74,62.06,72.86,65.8,0,NA,19.8,8,0.59,"Clear","Clear conditions throughout the day.","clear-day"
"2023-09-03",27.5647798948752,96.62,67.46,81.32,61.3,0,NA,25.6,8,0.62,"Partially cloudy","Partly cloudy throughout the day.","partly-cloudy-day"
"2023-09-04",23.85918339013,97.7,74.66,85.64,57.5,0,NA,60.6,8,0.65,"Partially cloudy","Partly cloudy throughout the day.","partly-cloudy-day"
"2023-09-05",19.5136543824472,96.8,76.46,86,57.9,0,NA,53.5,8,0.69,"Partially cloudy","Becoming cloudy in the afternoon.","partly-cloudy-day"
"2023-09-06",18.7896563176276,96.8,75.02,86,60.1,0,NA,40.6,8,0.75,"Partially cloudy","Partly cloudy throughout the day.","partly-cloudy-day"
"2023-09-07",16.3348643028413,95,77.36,84.38,66.8,0,NA,51.8,9,0.75,"Partially cloudy","Partly cloudy throughout the day.","partly-cloudy-day"
"2023-09-08",20.7770377325908,91.94,72.86,81.32,66.7,10.032,"rain",78.6,9,0.79,"Rain, Partially cloudy","Partly cloudy throughout the day with rain.","rain"
"2023-09-09",26.4146820867889,85.82,69.98,74.48,82,15.922,"rain",79,9,0.82,"Rain, Partially cloudy","Partly cloudy throughout the day with rain.","rain"
"2023-09-10",25.4070555555556,79.88,71.42,75.02,81.4,3.77,"rain",87.3,7,0.85,"Rain, Partially cloudy","Partly cloudy throughout the day with a chance of rain throughout the day.","rain"
"2023-09-11",18.0965619510415,87.62,71.06,78.08,74.2,1.571,"rain",73.7,8,0.89,"Rain, Partially cloudy","Partly cloudy throughout the day with rain clearing later.","rain"
"2023-09-12",19.1087285841238,86.72,71.42,78.98,72.3,0.184,"rain",65.7,8,0.92,"Rain, Partially cloudy","Becoming cloudy in the afternoon with afternoon rain.","rain"
"2023-09-13",20.530859577408,82.76,70.88,76.46,63.7,0,"rain",77.5,8,0.95,"Partially cloudy","Partly cloudy throughout the day.","partly-cloudy-day"
"2023-09-14",16.7583784451156,80.6,65.66,73.4,51.7,0.022,"rain",35.2,8,0,"Rain, Partially cloudy","Partly cloudy throughout the day with early morning rain.","rain"
"2023-09-15",19.383524485171,76.64,58.46,67.82,51.6,0,NA,14.2,8,0.02,"Clear","Clear conditions throughout the day.","clear-day"
"2023-09-16",25.5776036626886,80.6,57.38,69.26,53.9,0,NA,12,8,0.06,"Clear","Clear conditions throughout the day.","clear-day"
"2023-09-17",21.1933919053964,76.82,61.34,67.82,76.6,0.899,"rain",72.2,3,0.09,"Rain, Partially cloudy","Partly cloudy throughout the day with rain.","rain"
"2023-09-18",18.1749868387924,78.62,62.78,69.62,67.2,0.528,"rain",68.3,6,0.13,"Rain, Partially cloudy","Partly cloudy throughout the day with rain clearing later.","rain"
"2023-09-19",19.4316171617162,78.98,61.34,69.44,55.1,0,NA,27.3,8,0.16,"Partially cloudy","Becoming cloudy in the afternoon.","partly-cloudy-day"
"2023-09-20",18.7529000122234,79.88,58.28,69.08,57.7,0,NA,46.9,8,0.2,"Partially cloudy","Becoming cloudy in the afternoon.","partly-cloudy-day"
"2023-09-21",18.0672407929745,79.7,60.26,69.62,63.3,0,NA,66.7,8,0.23,"Partially cloudy","Partly cloudy throughout the day.","partly-cloudy-day"
"2023-09-22",17.8134505289359,73.58,61.52,67.28,67.7,0.081,"rain",86.3,5,0.25,"Rain, Partially cloudy","Partly cloudy throughout the day with late afternoon rain.","rain"
"2023-09-23",14.7792370389043,64.04,58.82,61.7,89,36.63,"rain",97.6,1,0.3,"Rain, Overcast","Cloudy skies throughout the day with a chance of rain throughout the day.","rain"
"2023-09-24",16.8257793503901,69.08,63.86,66.2,90.4,19.66,"rain",99.3,2,0.33,"Rain, Overcast","Cloudy skies throughout the day with a chance of rain throughout the day.","rain"
"2023-09-25",16.4142545944233,69.8,61.88,65.48,82.5,0.353,"rain",94.9,4,0.37,"Rain, Overcast","Cloudy skies throughout the day with late afternoon rain.","rain"
"2023-09-26",15.7508053388526,61.88,58.82,60.62,90.7,1.094,"rain",99.7,1,0.4,"Rain, Overcast","Cloudy skies throughout the day with a chance of rain throughout the day.","rain"
"2023-09-27",16.3573812442836,70.7,58.82,62.78,71,0,NA,73.8,8,0.44,"Partially cloudy","Partly cloudy throughout the day.","partly-cloudy-day"
"2023-09-28",17.1369509960395,69.62,54.86,62.24,77.5,0,"rain",83.8,4,0.47,"Partially cloudy","Partly cloudy throughout the day.","partly-cloudy-day"
"2023-09-29",17.7557426337943,69.8,61.88,65.48,82.6,0,"rain",99.9,2,0.5,"Overcast","Cloudy skies throughout the day.","cloudy"
"2023-09-30",21.57310865227,75.56,64.76,68.72,76.2,0,"rain",92.3,5,0.54,"Overcast","Cloudy skies throughout the day.","cloudy"
"2023-10-01",21.5372864159603,81.86,61.7,71.06,67.9,0,NA,18.1,8,0.57,"Clear","Clear conditions throughout the day.","clear-day"
"2023-10-02",18.5549515367938,83.48,62.6,72.32,67.7,0,NA,21.4,7,0.61,"Partially cloudy","Becoming cloudy in the afternoon.","partly-cloudy-day"
"2023-10-03",17.4303766600071,84.38,64.22,73.4,71.2,0,"rain",31.7,7,0.64,"Partially cloudy","Partly cloudy throughout the day.","partly-cloudy-day"
"2023-10-04",16.2899007453752,81.86,63.5,71.24,72.8,0,NA,21.1,7,0.67,"Partially cloudy","Partly cloudy throughout the day.","partly-cloudy-day"
"2023-10-05",16.2488180231636,78.8,61.16,69.26,77.3,0,"rain",59.2,5,0.7,"Partially cloudy","Partly cloudy throughout the day.","partly-cloudy-day"
"2023-10-06",19.1277513711152,77.9,68.72,72.14,82.9,0,"rain",85.1,5,0.75,"Partially cloudy","Partly cloudy throughout the day.","partly-cloudy-day"
"2023-10-07",21.1116284672035,70.52,55.04,64.04,67.4,2.089,"rain",55,6,0.77,"Rain, Partially cloudy","Partly cloudy throughout the day with rain in the morning and afternoon.","rain"
"2023-10-08",22.8634765671394,63.86,46.76,55.22,51.1,0,NA,42.8,8,0.8,"Partially cloudy","Partly cloudy throughout the day.","partly-cloudy-day"
"2023-10-09",16.7402218602126,63.86,45.5,55.04,57.7,0,"rain",72.1,6,0.83,"Partially cloudy","Partly cloudy throughout the day.","partly-cloudy-day"
"2023-10-10",16.4716008911521,69.08,48.38,59,67.3,0,NA,64.6,7,0.87,"Partially cloudy","Partly cloudy throughout the day.","partly-cloudy-day"
"2023-10-11",15.5571209036842,71.78,50.72,60.98,59.7,0,NA,47.3,7,0.9,"Partially cloudy","Partly cloudy throughout the day.","partly-cloudy-day"
"2023-10-12",17.0389821383938,73.94,51.44,62.96,59.3,0,NA,36.2,7,0.93,"Partially cloudy","Clearing in the afternoon.","partly-cloudy-day"
"2023-10-13",20.6575795573288,71.6,55.22,62.6,62.2,0,NA,37.7,7,0.96,"Partially cloudy","Partly cloudy throughout the day.","partly-cloudy-day"
"2023-10-14",17.5068224682247,61.88,56.66,59.36,85.1,11.897,"rain",98,1,0,"Rain, Overcast","Cloudy skies throughout the day with rain.","rain"
"2023-10-15",19.8861325190248,61.7,50.9,55.4,67.8,1.091,"rain",69.3,5,0.03,"Rain, Partially cloudy","Partly cloudy throughout the day with early morning rain.","rain"
"2023-10-16",15.0276869327186,63.68,47.3,54.5,65,0,NA,54.6,6,0.07,"Partially cloudy","Becoming cloudy in the afternoon.","partly-cloudy-day"
"2023-10-17",15.0719743458621,62.78,51.08,56.3,69.7,0,NA,76.9,3,0.1,"Partially cloudy","Partly cloudy throughout the day.","partly-cloudy-day"
"2023-10-18",16.0540333881679,64.76,48.2,56.48,65.1,0,NA,70.6,6,0.14,"Partially cloudy","Becoming cloudy in the afternoon.","partly-cloudy-day"
"2023-10-19",17.1568434858642,69.98,49.1,58.64,73,0,NA,49.4,7,0.17,"Partially cloudy","Becoming cloudy in the afternoon.","partly-cloudy-day"
"2023-10-20",17.4337086975848,66.02,56.48,60.62,80.3,1.137,"rain",92.3,2,0.21,"Rain, Overcast","Cloudy skies throughout the day with rain.","rain"
"2023-10-21",22.0584836782139,66.56,55.76,59.72,62.3,0.022,"rain",77,7,0.25,"Rain, Partially cloudy","Partly cloudy throughout the day with early morning rain.","rain"
"2023-10-22",20.6434359009503,64.58,49.28,56.84,54.7,0,"rain",53.5,7,0.28,"Partially cloudy","Partly cloudy throughout the day.","partly-cloudy-day"
"2023-10-23",15.2721591831999,64.76,44.6,53.78,50.9,0,NA,1,7,0.32,"Clear","Clear conditions throughout the day.","clear-day"
"2023-10-24",15.0735137097882,69.98,43.34,55.4,66,0,NA,11,6,0.35,"Clear","Clear conditions throughout the day.","clear-day"
"2023-10-25",16.3856382880128,77,49.64,61.34,59.6,0,NA,40.8,6,0.39,"Partially cloudy","Partly cloudy throughout the day.","partly-cloudy-day"
"2023-10-26",16.6877607634265,77.18,56.3,65.12,63.7,0,NA,58.5,6,0.42,"Partially cloudy","Becoming cloudy in the afternoon.","partly-cloudy-day"
"2023-10-27",17.7164863943748,81.68,61.7,68.54,72.7,0,NA,66.5,6,0.46,"Partially cloudy","Partly cloudy throughout the day.","partly-cloudy-day"
"2023-10-28",23.3497934635339,85.64,60.62,71.06,70.6,0,NA,50.1,6,0.5,"Partially cloudy","Becoming cloudy in the afternoon.","partly-cloudy-day"
"2023-10-29",23.8686873689117,77,64.22,69.26,77.4,0.989,"rain",90.2,4,0.53,"Rain, Overcast","Cloudy skies throughout the day with late afternoon rain.","rain"
"2023-10-30",15.6592504108204,79.16,54.86,62.78,75.9,0.889,"rain",79.8,6,0.56,"Rain, Partially cloudy","Partly cloudy throughout the day with late afternoon rain.","rain"
"2023-10-31",15.1305366616787,53.78,44.24,50.54,50.9,0.016,"rain",79.2,6,0.59,"Rain, Partially cloudy","Partly cloudy throughout the day with early morning rain.","rain"
"2023-11-01",13.1024805957625,49.82,39.56,44.24,50.1,0,NA,42.1,6,0.62,"Partially cloudy","Clearing in the afternoon.","partly-cloudy-day"
"2023-11-02",13.7843077654358,51.98,33.62,43.52,47.7,0,NA,20.5,6,0.65,"Partially cloudy","Partly cloudy throughout the day.","partly-cloudy-day"
"2023-11-03",15.5556457089334,60.08,37.4,48.02,59.7,0,NA,12.2,6,0.69,"Clear","Clear conditions throughout the day.","clear-day"
"2023-11-04",20.9583124090247,69.08,40.1,53.42,59.1,0,NA,54.2,6,0.72,"Partially cloudy","Becoming cloudy in the afternoon.","partly-cloudy-day"
"2023-11-05",20.6440139401394,71.78,43.34,56.3,57.4,0,NA,32.4,6,0.75,"Partially cloudy","Partly cloudy throughout the day.","partly-cloudy-day"
"2023-11-06",15.5884980256188,64.94,47.12,55.76,63,0,NA,71.5,5,0.78,"Partially cloudy","Partly cloudy throughout the day.","partly-cloudy-day"
"2023-11-07",15.4523562926251,72.5,55.58,63.5,57.1,0,NA,75.4,3,0.82,"Partially cloudy","Partly cloudy throughout the day.","partly-cloudy-day"
"2023-11-08",13.9865606810877,65.66,48.38,55.94,55.5,0,NA,41.8,6,0.85,"Partially cloudy","Partly cloudy throughout the day.","partly-cloudy-day"
"2023-11-09",16.4573215599706,73.76,49.46,60.44,70.9,0.083,"rain",64.7,5,0.88,"Rain, Partially cloudy","Partly cloudy throughout the day with rain.","rain"
"2023-11-10",13.0904043973302,57.74,42.44,49.46,73.5,3.979,"rain",81.1,1,0.91,"Rain, Partially cloudy","Partly cloudy throughout the day with rain in the morning and afternoon.","rain"
"2023-11-11",21.4308756271924,59.9,38.3,48.02,70.5,0,NA,38.2,6,0.95,"Partially cloudy","Clearing in the afternoon.","partly-cloudy-day"
"2023-11-12",18.4300537302916,52.7,40.64,45.32,63.7,0,NA,53.5,5,0.98,"Partially cloudy","Partly cloudy throughout the day.","partly-cloudy-day"
"2023-11-13",13.7605649225573,55.04,35.24,44.96,67.8,0,NA,17.9,5,0,"Clear","Clear conditions throughout the day.","clear-day"
"2023-11-14",14.1855169493465,60.8,40.64,50.54,53.3,0,NA,22.3,6,0.05,"Partially cloudy","Partly cloudy throughout the day.","partly-cloudy-day"
"2023-11-15",14.5983268894412,59,39.02,49.1,64.7,0,NA,84.4,4,0.08,"Partially cloudy","Partly cloudy throughout the day.","partly-cloudy-day"
"2023-11-16",14.5709867971522,69.26,40.82,53.96,56.5,0,NA,40.6,5,0.12,"Partially cloudy","Partly cloudy throughout the day.","partly-cloudy-day"
"2023-11-17",15.4695276653171,69.98,46.58,57.92,73.2,0.145,"rain",66.8,4,0.15,"Rain, Partially cloudy","Partly cloudy throughout the day with late afternoon rain.","rain"
"2023-11-18",18.3303536369296,60.08,46.76,55.04,62.4,0.467,"rain",38.1,5,0.19,"Rain, Partially cloudy","Clearing in the afternoon with early morning rain.","rain"
"2023-11-19",19.4490770946605,60.8,39.02,49.64,46.5,0,NA,1,5,0.23,"Clear","Clear conditions throughout the day.","clear-day"
"2023-11-20",14.0074513606699,50.9,39.38,44.78,55.1,0,NA,56.1,3,0.25,"Partially cloudy","Partly cloudy throughout the day.","partly-cloudy-day"
"2023-11-21",10.965423223006,59,39.38,48.2,80.2,46.04,"rain",97.6,0,0.3,"Rain, Overcast","Cloudy skies throughout the day with rain.","rain"
"2023-11-22",15.8113111580429,60.8,48.74,53.6,73.1,5.424,"rain",78.6,6,0.33,"Rain, Partially cloudy","Partly cloudy throughout the day with early morning rain.","rain"
"2023-11-23",21.4088970388481,57.74,44.24,50.18,54.4,0,NA,14.6,5,0.37,"Clear","Clear conditions throughout the day.","clear-day"
"2023-11-24",19.7825657175349,55.76,40.28,47.48,56.9,0,"rain",60.5,5,0.4,"Partially cloudy","Partly cloudy throughout the day.","partly-cloudy-day"
"2023-11-25",17.7976270277517,43.88,33.62,38.66,49.4,0,"snow",51.6,5,0.44,"Partially cloudy","Clearing in the afternoon.","partly-cloudy-day"
"2023-11-26",14.0855736463461,46.94,35.24,41.54,79.7,3.495,"rain,freezingrain",92.3,2,0.48,"Rain, Freezing Drizzle/Freezing Rain, Overcast","Cloudy skies throughout the day with rain.","rain"
"2023-11-27",13.2957650132343,49.82,36.86,42.98,62,0.092,"rain",27.6,5,0.5,"Rain, Partially cloudy","Partly cloudy throughout the day with morning rain.","rain"
"2023-11-28",11.722155646659,42.08,28.94,35.78,42.2,0.022,"rain,snow",55.9,4,0.54,"Snow, Rain, Partially cloudy","Partly cloudy throughout the day with afternoon rain or snow.","rain"
"2023-11-29",13.0527609694805,39.92,25.7,32.9,41.8,0,NA,56.4,5,0.57,"Partially cloudy","Becoming cloudy in the afternoon.","partly-cloudy-day"
"2023-11-30",12.6549236691889,54.14,31.64,42.08,51.4,0,NA,56.3,5,0.61,"Partially cloudy","Partly cloudy throughout the day.","partly-cloudy-day"
"2023-12-01",13.0853640584305,51.08,39.38,45.5,73.4,3.121,"rain",78.6,1,0.64,"Rain, Partially cloudy","Partly cloudy throughout the day with rain.","rain"
"2023-12-02",16.7097446540881,53.24,46.22,49.64,93.3,0.544,"rain",95.3,2,0.67,"Rain, Overcast","Cloudy skies throughout the day with late afternoon rain.","rain"
"2023-12-03",16.0338776127301,56.12,50,52.88,95.4,20.571,"rain",96.1,1,0.7,"Rain, Overcast","Cloudy skies throughout the day with rain clearing later.","rain"
"2023-12-04",13.1113156687314,55.76,42.62,49.82,58.8,0,NA,79.7,3,0.73,"Partially cloudy","Partly cloudy throughout the day.","partly-cloudy-day"
"2023-12-05",14.0347099432438,50,40.64,44.96,57.3,0,NA,74.6,5,0.75,"Partially cloudy","Partly cloudy throughout the day.","partly-cloudy-day"
"2023-12-06",14.1488666199895,44.78,37.94,42.08,60.6,0,"rain",81.6,2,0.8,"Partially cloudy","Partly cloudy throughout the day.","partly-cloudy-day"
"2023-12-07",14.9751937294023,46.22,34.7,40.82,56.9,0,NA,79.2,2,0.83,"Partially cloudy","Partly cloudy throughout the day.","partly-cloudy-day"
"2023-12-08",13.582568954458,57.74,37.4,45.86,65.1,0,NA,60.5,5,0.86,"Partially cloudy","Partly cloudy throughout the day.","partly-cloudy-day"
"2023-12-09",19.0999543615552,56.3,37.4,46.76,72.9,0,"rain,freezingrain",54.6,5,0.9,"Partially cloudy","Becoming cloudy in the afternoon.","partly-cloudy-day"
"2023-12-10",14.0363769388352,62.96,44.96,55.94,89,26.665,"rain",95,1,0.93,"Rain, Overcast","Cloudy skies throughout the day with rain.","rain"
"2023-12-11",13.2608832029323,48.56,34.88,40.64,66.2,14.358,"rain",56.4,5,0.96,"Rain, Partially cloudy","Partly cloudy throughout the day with rain or snow clearing later.","snow"
"2023-12-12",13.0583491147383,47.12,30.56,38.84,60.2,0,NA,25.1,5,0,"Partially cloudy","Partly cloudy throughout the day.","partly-cloudy-day"
"2023-12-13",12.9461386399578,51.8,33.62,41.72,51.2,0,NA,41.6,5,0.03,"Partially cloudy","Partly cloudy throughout the day.","partly-cloudy-day"
"2023-12-14",13.4964847249251,48.56,29.48,38.84,46.8,0,NA,17.4,5,0.06,"Clear","Clear conditions throughout the day.","clear-day"
"2023-12-15",13.968048601092,60.98,33.44,44.96,51.9,0,NA,12.2,5,0.1,"Clear","Clear conditions throughout the day.","clear-day"
"2023-12-16",17.0079693611473,58.82,36.68,45.86,63.7,0,NA,62.9,4,0.13,"Partially cloudy","Partly cloudy throughout the day.","partly-cloudy-day"
"2023-12-17",12.9353848283499,55.22,41.9,49.28,91.6,39.569,"rain",98.5,1,0.17,"Rain, Overcast","Cloudy skies throughout the day with rain.","rain"
"2023-12-18",13.6346543372963,55.94,40.82,50.9,61.3,20.688,"rain",88.3,5,0.2,"Rain, Partially cloudy","Partly cloudy throughout the day with rain clearing later.","rain"
"2023-12-19",12.1206108706109,42.08,32.9,38.66,47.9,0,NA,44.3,3,0.25,"Partially cloudy","Partly cloudy throughout the day.","partly-cloudy-day"
"2023-12-20",14.9948311101549,47.84,28.76,37.4,50,0,NA,27.6,5,0.28,"Partially cloudy","Partly cloudy throughout the day.","partly-cloudy-day"
"2023-12-21",14.6132445539521,47.84,31.82,40.28,56.2,0,NA,77.5,3,0.31,"Partially cloudy","Partly cloudy throughout the day.","partly-cloudy-day"
"2023-12-22",16.4495520421607,48.92,35.78,42.08,64.3,0,"freezingrain",80.2,4,0.35,"Partially cloudy","Partly cloudy throughout the day.","partly-cloudy-day"
"2023-12-23",18.2490401535754,48.92,36.68,43.16,77.3,0,"rain,freezingrain",89.6,2,0.38,"Partially cloudy","Partly cloudy throughout the day.","partly-cloudy-day"
"2023-12-24",18.7490152025762,50.18,41.72,45.32,82.3,0.303,"rain",89,2,0.42,"Rain, Partially cloudy","Partly cloudy throughout the day with morning rain.","rain"
"2023-12-25",26.1817916186082,60.8,40.64,48.2,74.8,0,NA,76.4,4,0.45,"Partially cloudy","Partly cloudy throughout the day.","partly-cloudy-day"
"2023-12-26",17.1579028040754,48.92,44.78,46.76,92.2,2.486,"rain",99.8,1,0.5,"Rain, Overcast","Cloudy skies throughout the day with a chance of rain throughout the day.","rain"
"2023-12-27",14.1945865633075,56.12,46.94,50.36,94.1,26.626,"rain",99.8,1,0.52,"Rain, Overcast","Cloudy skies throughout the day with a chance of rain throughout the day.","rain"
"2023-12-28",19.7351456596784,56.84,51.08,53.24,86.8,1.043,"rain",97.1,2,0.55,"Rain, Overcast","Cloudy skies throughout the day with rain clearing later.","rain"
"2023-12-29",20.4708453632059,53.96,46.04,50,55.3,0,"rain",87.4,4,0.59,"Partially cloudy","Partly cloudy throughout the day.","partly-cloudy-day"
"2023-12-30",18.0537244315688,49.82,37.04,44.42,54.5,0,NA,85.6,3,0.62,"Partially cloudy","Partly cloudy throughout the day.","partly-cloudy-day"
"2023-12-31",19.1772417087485,49.82,39.74,44.6,53.6,0,NA,80.7,5,0.65,"Partially cloudy","Partly cloudy throughout the day.","partly-cloudy-day"
